MeasurementID,DateID,TimeID,Datetime,ReadingID,CO_Concentration,NMHC_Concentration,Benzene_Concentration,NOx_Concentration,NO2_Concentration,Temperature,Relative_Humidity,Absolute_Humidity,Day,Month,Year,Hour,PT08_S1,PT08_S2,PT08_S3,PT08_S4,PT08_S5,Category
1,1,1,10/03/2004 18:00,1,2.6,150,11.9,166,113,13.6,48.9,0.7578,10,3,2004,18,1360,1046,1056,1692,1268,Mid
2,2,2,10/03/2004 19:00,2,2.0,112,9.4,103,92,13.3,47.7,0.7255,10,3,2004,19,1292,955,1174,1559,972,Mid
3,3,3,10/03/2004 20:00,3,2.2,88,9.0,131,114,11.9,54.0,0.7502,10,3,2004,20,1402,939,1140,1555,1074,Mid
4,4,4,10/03/2004 21:00,4,2.2,80,9.2,172,122,11.0,60.0,0.7867,10,3,2004,21,1376,948,1092,1584,1203,Mid
5,5,5,10/03/2004 22:00,5,1.6,51,6.5,131,116,11.2,59.6,0.7888,10,3,2004,22,1272,836,1205,1490,1110,Mid
6,6,6,10/03/2004 23:00,6,1.2,38,4.7,89,96,11.2,59.2,0.7848,10,3,2004,23,1197,750,1337,1393,949,Mid
7,7,7,11/03/2004 0:00,7,1.2,31,3.6,62,77,11.3,56.8,0.7603,11,3,2004,0,1185,690,1462,1333,733,Mid
8,8,8,11/03/2004 1:00,8,1.0,31,3.3,62,76,10.7,60.0,0.7702,11,3,2004,1,1136,672,1453,1333,730,Mid
9,9,9,11/03/2004 2:00,9,0.9,24,2.3,45,60,10.7,59.7,0.7648,11,3,2004,2,1094,609,1579,1276,620,Mid
12,12,12,11/03/2004 5:00,12,0.7,8,1.1,16,28,11.0,56.2,0.7366,11,3,2004,5,1066,512,1918,1182,422,Mid
13,13,13,11/03/2004 6:00,13,0.7,16,1.6,34,48,10.5,58.1,0.7353,11,3,2004,6,1052,553,1738,1221,472,Mid
14,14,14,11/03/2004 7:00,14,1.1,29,3.2,98,82,10.2,59.6,0.7417,11,3,2004,7,1144,667,1490,1339,730,Mid
15,15,15,11/03/2004 8:00,15,2.0,64,8.0,174,112,10.8,57.4,0.7408,11,3,2004,8,1333,900,1136,1517,1102,Mid
16,16,16,11/03/2004 9:00,16,2.2,87,9.5,129,101,10.5,60.6,0.7691,11,3,2004,9,1351,960,1079,1583,1028,Mid
17,17,17,11/03/2004 10:00,17,1.7,77,6.3,112,98,10.8,58.4,0.7552,11,3,2004,10,1233,827,1218,1446,860,Mid
18,18,18,11/03/2004 11:00,18,1.5,43,5.0,95,92,10.5,57.9,0.7352,11,3,2004,11,1179,762,1328,1362,671,Mid
19,19,19,11/03/2004 12:00,19,1.6,61,5.2,104,95,9.5,66.8,0.7951,11,3,2004,12,1236,774,1301,1401,664,Low
20,20,20,11/03/2004 13:00,20,1.9,63,7.3,146,112,8.3,76.4,0.8393,11,3,2004,13,1286,869,1162,1537,799,Low
21,21,21,11/03/2004 14:00,21,2.9,164,11.5,207,128,8.0,81.1,0.8736,11,3,2004,14,1371,1034,983,1730,1037,Low
22,22,22,11/03/2004 15:00,22,2.2,79,8.8,184,126,8.3,79.8,0.8778,11,3,2004,15,1310,933,1082,1647,946,Low
23,23,23,11/03/2004 16:00,23,2.2,95,8.3,193,131,9.7,71.2,0.8569,11,3,2004,16,1292,912,1103,1591,957,Low
24,24,24,11/03/2004 17:00,24,2.9,150,11.2,243,135,9.8,67.6,0.8185,11,3,2004,17,1383,1020,1008,1719,1104,Low
25,25,25,11/03/2004 18:00,25,4.8,307,20.8,281,151,10.3,64.2,0.8065,11,3,2004,18,1581,1319,799,2083,1409,Mid
26,26,26,11/03/2004 19:00,26,6.9,461,27.4,383,172,9.7,69.3,0.8319,11,3,2004,19,1776,1488,702,2333,1704,Low
27,27,27,11/03/2004 20:00,27,6.1,401,24.0,351,165,9.6,67.8,0.8133,11,3,2004,20,1640,1404,743,2191,1654,Low
28,28,28,11/03/2004 21:00,28,3.9,197,12.8,240,136,9.1,64.0,0.7419,11,3,2004,21,1313,1076,957,1707,1285,Low
29,29,29,11/03/2004 22:00,29,1.5,61,4.7,94,85,8.2,63.4,0.6905,11,3,2004,22,965,749,1325,1333,821,Low
30,30,30,11/03/2004 23:00,30,1.0,26,2.6,47,53,8.2,60.8,0.6657,11,3,2004,23,913,629,1565,1252,552,Low
31,31,31,12/03/2004 0:00,31,1.7,55,5.9,122,97,8.3,58.5,0.6438,12,3,2004,0,1080,805,1254,1375,816,Low
32,32,32,12/03/2004 1:00,32,1.9,53,6.4,133,110,7.7,59.7,0.6308,12,3,2004,1,1044,829,1247,1378,832,Low
33,33,33,12/03/2004 2:00,33,1.4,40,4.1,82,91,7.1,61.8,0.6276,12,3,2004,2,988,718,1396,1304,692,Low
36,36,36,12/03/2004 5:00,36,0.6,7,1.0,30,44,6.3,65.0,0.6233,12,3,2004,5,847,501,1895,1155,394,Low
37,37,37,12/03/2004 6:00,37,0.8,17,1.8,56,71,6.8,62.9,0.6234,12,3,2004,6,927,571,1685,1223,487,Low
38,38,38,12/03/2004 7:00,38,1.4,33,4.4,109,104,6.4,65.1,0.6316,12,3,2004,7,1091,730,1387,1361,748,Low
39,39,39,12/03/2004 8:00,39,4.4,202,17.9,307,141,7.3,63.1,0.6499,12,3,2004,8,1587,1236,897,1900,1400,Low
41,41,41,12/03/2004 10:00,41,3.1,208,14.0,187,122,13.2,41.7,0.632,12,3,2004,10,1350,1118,912,1712,1237,Mid
42,42,42,12/03/2004 11:00,42,2.7,166,11.6,216,143,14.3,38.4,0.6243,12,3,2004,11,1263,1037,969,1598,1167,Mid
43,43,43,12/03/2004 12:00,43,2.1,114,10.2,143,113,15.0,36.5,0.6195,12,3,2004,12,1206,986,1035,1537,959,Mid
44,44,44,12/03/2004 13:00,44,2.5,140,11.0,160,116,16.1,34.5,0.6262,12,3,2004,13,1252,1016,1008,1593,983,Mid
45,45,45,12/03/2004 14:00,45,2.7,169,12.8,163,123,16.3,35.7,0.656,12,3,2004,14,1287,1078,949,1660,1061,Mid
46,46,46,12/03/2004 15:00,46,2.9,185,14.2,190,126,15.8,37.0,0.661,12,3,2004,15,1353,1122,922,1740,1139,Mid
47,47,47,12/03/2004 16:00,47,2.8,165,12.7,178,120,15.9,37.2,0.6657,12,3,2004,16,1309,1073,954,1657,1112,Mid
48,48,48,12/03/2004 17:00,48,2.4,133,11.7,150,119,16.9,34.3,0.6549,12,3,2004,17,1274,1041,1006,1610,994,Mid
49,49,49,12/03/2004 18:00,49,3.9,233,19.3,206,149,15.1,39.6,0.6766,12,3,2004,18,1510,1277,812,1910,1410,Mid
50,50,50,12/03/2004 19:00,50,3.7,242,18.2,202,145,14.4,43.4,0.7084,12,3,2004,19,1525,1246,821,1847,1448,Mid
51,51,51,12/03/2004 20:00,51,6.6,488,32.6,340,170,12.9,50.5,0.7478,12,3,2004,20,1843,1610,624,2390,1887,Mid
52,52,52,12/03/2004 21:00,52,4.4,333,20.1,274,149,12.1,53.3,0.7536,12,3,2004,21,1598,1299,752,1941,1627,Mid
53,53,53,12/03/2004 22:00,53,3.5,215,14.3,253,139,11.0,59.1,0.774,12,3,2004,22,1484,1127,839,1723,1491,Mid
54,54,54,12/03/2004 23:00,54,5.4,367,21.8,300,134,9.7,64.6,0.7771,12,3,2004,23,1677,1346,741,2062,1657,Low
55,55,55,13/03/2004 0:00,55,2.7,122,9.6,193,113,9.5,64.1,0.7597,13,3,2004,0,1280,964,963,1544,1285,Low
56,56,56,13/03/2004 1:00,56,1.9,67,7.4,139,97,9.1,63.9,0.7423,13,3,2004,1,1196,873,1071,1463,1144,Low
57,57,57,13/03/2004 2:00,57,1.6,43,5.4,83,82,8.8,63.9,0.7256,13,3,2004,2,1184,782,1176,1365,1043,Low
60,60,60,13/03/2004 5:00,60,1.0,30,2.6,62,65,8.3,63.6,0.6982,13,3,2004,5,978,625,1420,1274,819,Low
61,61,61,13/03/2004 6:00,61,1.2,27,2.9,53,60,7.2,67.5,0.6887,13,3,2004,6,1100,646,1406,1268,835,Low
62,62,62,13/03/2004 7:00,62,1.5,47,5.1,139,77,6.3,71.9,0.6932,13,3,2004,7,1112,770,1228,1409,940,Low
63,63,63,13/03/2004 8:00,63,2.7,132,11.8,256,96,6.5,71.6,0.6945,13,3,2004,8,1336,1043,935,1678,1192,Low
64,64,64,13/03/2004 9:00,64,3.7,239,15.1,295,119,9.6,59.7,0.7124,13,3,2004,9,1408,1153,830,1777,1411,Low
65,65,65,13/03/2004 10:00,65,3.2,160,12.9,250,126,12.4,51.2,0.7335,13,3,2004,10,1447,1081,869,1667,1465,Mid
66,66,66,13/03/2004 11:00,66,4.1,283,16.1,296,158,15.6,42.2,0.7451,13,3,2004,11,1542,1184,808,1780,1583,Mid
67,67,67,13/03/2004 12:00,67,3.6,210,14.0,239,161,18.4,33.8,0.709,13,3,2004,12,1451,1117,875,1679,1387,Mid
68,68,68,13/03/2004 13:00,68,2.8,154,12.3,153,124,19.4,31.3,0.695,13,3,2004,13,1328,1059,987,1600,1101,Mid
69,69,69,13/03/2004 14:00,69,2.0,112,8.6,118,102,18.0,34.8,0.7127,13,3,2004,14,1207,924,1088,1488,850,Mid
70,70,70,13/03/2004 15:00,70,2.0,108,9.2,119,116,18.4,33.6,0.7042,13,3,2004,15,1240,947,1049,1532,947,Mid
71,71,71,13/03/2004 16:00,71,2.5,111,10.2,138,124,17.6,35.1,0.7012,13,3,2004,16,1306,987,1004,1554,1078,Mid
72,72,72,13/03/2004 17:00,72,2.3,97,10.6,148,125,16.7,37.8,0.7117,13,3,2004,17,1326,1000,976,1602,1084,Mid
73,73,73,13/03/2004 18:00,73,3.2,191,15.5,227,148,16.1,41.0,0.7451,13,3,2004,18,1473,1163,831,1779,1395,Mid
74,74,74,13/03/2004 19:00,74,4.2,258,19.6,277,165,15.8,42.4,0.7569,13,3,2004,19,1609,1286,758,1922,1612,Mid
75,75,75,13/03/2004 20:00,75,4.2,284,19.2,279,161,15.7,44.1,0.7786,13,3,2004,20,1611,1274,754,1915,1697,Mid
76,76,76,13/03/2004 21:00,76,4.2,269,18.3,283,159,15.3,46.8,0.8091,13,3,2004,21,1621,1247,762,1860,1886,Mid
77,77,77,13/03/2004 22:00,77,3.1,180,13.1,214,143,14.6,48.6,0.806,13,3,2004,22,1444,1089,844,1748,1624,Mid
78,78,78,13/03/2004 23:00,78,2.6,116,10.9,172,130,14.7,49.3,0.8193,13,3,2004,23,1418,1010,892,1603,1536,Mid
79,79,79,14/03/2004 0:00,79,2.9,93,11.0,190,129,13.9,53.6,0.8498,14,3,2004,0,1534,1013,889,1611,1535,Mid
80,80,80,14/03/2004 1:00,80,2.8,131,11.9,174,119,14.6,51.5,0.8536,14,3,2004,1,1484,1045,880,1624,1530,Mid
81,81,81,14/03/2004 2:00,81,2.5,92,8.6,128,104,12.5,58.9,0.8537,14,3,2004,2,1367,925,953,1543,1337,Mid
84,84,84,14/03/2004 5:00,84,1.2,32,3.7,53,70,11.5,63.1,0.8533,14,3,2004,5,1062,691,1272,1377,929,Mid
85,85,85,14/03/2004 6:00,85,1.0,29,2.5,44,63,11.6,62.2,0.8473,14,3,2004,6,1076,618,1395,1333,872,Mid
86,86,86,14/03/2004 7:00,86,0.9,27,2.4,74,67,10.4,67.6,0.853,14,3,2004,7,1028,615,1384,1340,853,Mid
87,87,87,14/03/2004 8:00,87,1.4,36,4.2,101,84,11.6,62.7,0.853,14,3,2004,8,1155,722,1225,1414,959,Mid
88,88,88,14/03/2004 9:00,88,1.6,57,6.4,118,83,12.4,60.0,0.8627,14,3,2004,9,1235,828,1055,1527,1093,Mid
89,89,89,14/03/2004 10:00,89,2.2,129,8.6,144,98,14.5,53.1,0.8728,14,3,2004,10,1332,923,952,1614,1225,Mid
90,90,90,14/03/2004 11:00,90,2.8,148,10.9,176,114,16.9,46.1,0.8789,14,3,2004,11,1445,1009,878,1696,1355,Mid
91,91,91,14/03/2004 12:00,91,2.8,145,10.7,161,119,19.3,38.3,0.8474,14,3,2004,12,1416,1002,907,1677,1262,Mid
92,92,92,14/03/2004 13:00,92,2.0,93,7.5,113,104,21.2,31.4,0.7812,14,3,2004,13,1281,880,1084,1525,980,High
93,93,93,14/03/2004 14:00,93,1.8,84,7.5,103,102,21.4,30.2,0.7616,14,3,2004,14,1207,879,1104,1490,872,High
94,94,94,14/03/2004 15:00,94,1.9,99,8.2,112,107,21.9,29.0,0.7525,14,3,2004,15,1258,906,1081,1511,900,High
95,95,95,14/03/2004 16:00,95,3.0,150,11.9,170,129,22.2,28.4,0.7516,14,3,2004,16,1458,1045,974,1646,1099,High
96,96,96,14/03/2004 17:00,96,2.9,156,12.0,180,128,21.3,30.8,0.7696,14,3,2004,17,1438,1051,943,1668,1206,High
97,97,97,14/03/2004 18:00,97,2.5,122,12.2,160,121,19.7,36.7,0.8307,14,3,2004,18,1478,1055,929,1671,1262,Mid
98,98,98,14/03/2004 19:00,98,4.6,262,20.6,261,157,18.4,41.7,0.8732,14,3,2004,19,1808,1312,753,1993,1698,Mid
99,99,99,14/03/2004 20:00,99,5.9,341,23.1,325,173,17.6,46.1,0.921,14,3,2004,20,1898,1381,681,2103,1905,Mid
100,100,100,14/03/2004 21:00,100,3.4,214,14.7,217,146,16.7,49.6,0.932,14,3,2004,21,1560,1140,784,1818,1648,Mid
101,101,101,14/03/2004 22:00,101,2.1,100,9.0,146,121,16.3,51.0,0.9341,14,3,2004,22,1324,940,924,1587,1423,Mid
102,102,102,14/03/2004 23:00,102,2.2,79,8.8,152,119,14.7,55.9,0.9314,14,3,2004,23,1349,933,933,1617,1349,Mid
103,103,103,15/03/2004 0:00,103,1.8,66,7.4,104,99,14.8,54.7,0.9164,15,3,2004,0,1239,872,985,1547,1250,Mid
104,104,104,15/03/2004 1:00,104,1.8,73,6.9,106,93,14.0,57.0,0.9094,15,3,2004,1,1239,853,1010,1543,1174,Mid
105,105,105,15/03/2004 2:00,105,1.8,66,7.0,108,88,13.4,61.3,0.9361,15,3,2004,2,1224,855,998,1566,1149,Mid
108,108,108,15/03/2004 5:00,108,1.0,39,3.9,88,74,11.9,67.4,0.9375,15,3,2004,5,1075,703,1156,1464,1010,Mid
109,109,109,15/03/2004 6:00,109,1.4,51,6.4,138,80,11.4,70.5,0.9475,15,3,2004,6,1157,830,1030,1584,1083,Mid
110,110,110,15/03/2004 7:00,110,2.2,107,9.7,228,89,11.3,70.2,0.9401,15,3,2004,7,1314,966,897,1710,1235,Mid
111,111,111,15/03/2004 8:00,111,5.5,336,25.9,360,114,12.4,63.9,0.917,15,3,2004,8,1797,1451,652,2323,1680,Mid
112,112,112,15/03/2004 9:00,112,8.1,618,36.7,478,149,14.8,54.3,0.9076,15,3,2004,9,1961,1701,537,2665,2184,Mid
113,113,113,15/03/2004 10:00,113,5.8,438,26.6,394,157,17.4,45.6,0.8993,15,3,2004,10,1771,1470,622,2262,1973,Mid
114,114,114,15/03/2004 11:00,114,4.2,334,20.1,319,155,19.8,38.5,0.8801,15,3,2004,11,1564,1300,710,2029,1798,Mid
115,115,115,15/03/2004 12:00,115,3.1,221,14.1,201,134,22.0,34.1,0.8904,15,3,2004,12,1430,1120,831,1783,1522,High
116,116,116,15/03/2004 13:00,116,2.9,207,14.9,171,119,23.3,32.2,0.9096,15,3,2004,13,1417,1146,830,1831,1404,High
117,117,117,15/03/2004 14:00,117,2.9,191,15.4,159,111,23.9,30.0,0.8757,15,3,2004,14,1400,1162,838,1829,1263,High
118,118,118,15/03/2004 15:00,118,2.5,185,12.1,153,104,24.4,28.9,0.8736,15,3,2004,15,1317,1053,926,1707,1137,High
119,119,119,15/03/2004 16:00,119,2.3,141,11.5,143,99,24.4,29.4,0.8848,15,3,2004,16,1318,1033,950,1675,1068,High
120,120,120,15/03/2004 17:00,120,2.8,214,14.8,156,110,23.8,31.3,0.9137,15,3,2004,17,1445,1141,857,1824,1252,High
121,121,121,15/03/2004 18:00,121,6.1,471,32.1,314,162,22.5,35.4,0.9547,15,3,2004,18,1917,1601,631,2447,1843,High
122,122,122,15/03/2004 19:00,122,8.0,685,39.2,404,187,20.4,42.5,1.0086,15,3,2004,19,2040,1754,542,2679,2122,High
123,123,123,15/03/2004 20:00,123,6.5,538,31.0,320,165,18.3,52.6,1.0945,15,3,2004,20,1895,1573,565,2443,1992,Mid
124,124,124,15/03/2004 21:00,124,4.2,319,19.9,256,145,16.7,57.4,1.0786,15,3,2004,21,1595,1294,678,2058,1707,Mid
125,125,125,15/03/2004 22:00,125,3.2,224,15.3,193,125,15.7,60.2,1.0654,15,3,2004,22,1439,1159,764,1856,1494,Mid
126,126,126,15/03/2004 23:00,126,1.4,67,6.9,89,101,15.3,61.4,1.058,15,3,2004,23,1142,852,1008,1547,1164,Mid
127,127,127,16/03/2004 0:00,127,2.1,155,11.1,127,103,14.1,65.7,1.0494,16,3,2004,0,1304,1019,852,1731,1272,Mid
128,128,128,16/03/2004 1:00,128,1.2,49,5.4,79,88,14.8,60.6,1.0148,16,3,2004,1,1074,784,1098,1483,1040,Mid
129,129,129,16/03/2004 2:00,129,0.8,29,2.8,43,61,14.8,59.2,0.9879,16,3,2004,2,968,640,1320,1386,867,Mid
132,132,132,16/03/2004 5:00,132,0.6,17,2.0,38,52,12.8,63.2,0.9283,16,3,2004,5,937,585,1412,1348,793,Mid
133,133,133,16/03/2004 6:00,133,0.9,27,3.5,82,64,11.2,68.5,0.9081,16,3,2004,6,1017,681,1246,1418,870,Mid
134,134,134,16/03/2004 7:00,134,1.3,50,5.1,99,70,11.0,66.5,0.8705,16,3,2004,7,1171,770,1162,1467,930,Mid
135,135,135,16/03/2004 8:00,135,3.4,218,16.2,263,97,11.7,63.7,0.8719,16,3,2004,8,1541,1185,770,1889,1407,Mid
136,136,136,16/03/2004 9:00,136,3.7,285,19.7,229,95,13.6,56.3,0.8743,16,3,2004,9,1539,1287,698,2055,1507,Mid
137,137,137,16/03/2004 10:00,137,5.3,437,25.1,396,150,17.8,42.9,0.8672,16,3,2004,10,1735,1431,628,2211,1843,Mid
138,138,138,16/03/2004 11:00,138,4.1,327,20.0,314,162,21.4,33.3,0.8417,16,3,2004,11,1571,1297,730,1973,1729,High
139,139,139,16/03/2004 12:00,139,3.3,283,18.3,217,154,24.4,27.4,0.8231,16,3,2004,12,1452,1250,776,1868,1583,High
140,140,140,16/03/2004 13:00,140,4.0,366,22.3,252,161,25.3,26.1,0.8264,16,3,2004,13,1579,1359,724,1998,1671,High
141,141,141,16/03/2004 14:00,141,3.8,318,20.4,263,161,25.8,23.2,0.7589,16,3,2004,14,1466,1309,773,1897,1491,High
142,142,142,16/03/2004 15:00,142,2.8,228,14.6,180,128,27.0,20.2,0.7094,16,3,2004,15,1280,1136,893,1675,1240,High
143,143,143,16/03/2004 16:00,143,2.9,201,16.6,184,129,28.2,18.6,0.7014,16,3,2004,16,1407,1197,905,1759,1313,High
144,144,144,16/03/2004 17:00,144,2.9,199,15.8,190,133,28.0,19.1,0.7098,16,3,2004,17,1389,1173,898,1739,1363,High
145,145,145,16/03/2004 18:00,145,3.4,237,17.8,184,139,23.9,25.7,0.7519,16,3,2004,18,1447,1235,859,1778,1296,High
146,146,146,16/03/2004 19:00,146,3.9,261,19.1,181,137,21.3,34.8,0.873,16,3,2004,19,1551,1271,800,1875,1432,High
147,147,147,16/03/2004 20:00,147,3.2,230,15.8,166,143,20.4,36.7,0.8704,16,3,2004,20,1474,1173,854,1776,1432,High
148,148,148,16/03/2004 21:00,148,5.1,349,24.9,317,177,19.0,41.3,0.9007,16,3,2004,21,1800,1426,700,2106,2034,Mid
149,149,149,16/03/2004 22:00,149,2.6,183,13.5,184,138,17.9,45.9,0.9342,16,3,2004,22,1379,1101,818,1710,1602,Mid
150,150,150,16/03/2004 23:00,150,1.7,88,9.1,130,117,16.7,48.9,0.9226,16,3,2004,23,1201,943,935,1560,1362,Mid
151,151,151,17/03/2004 0:00,151,1.7,85,8.6,132,107,15.5,52.9,0.9271,17,3,2004,0,1205,925,922,1547,1314,Mid
152,152,152,17/03/2004 1:00,152,1.2,47,5.4,95,90,15.5,51.9,0.9059,17,3,2004,1,1072,784,1066,1442,1114,Mid
153,153,153,17/03/2004 2:00,153,0.9,34,4.1,70,79,14.1,55.6,0.891,17,3,2004,2,998,714,1169,1383,992,Mid
156,156,156,17/03/2004 5:00,156,0.5,11,1.6,28,40,11.8,58.0,0.8026,17,3,2004,5,869,554,1460,1268,667,Mid
157,157,157,17/03/2004 6:00,157,0.5,18,1.9,46,53,11.9,57.4,0.7978,17,3,2004,6,891,576,1417,1289,733,Mid
158,158,158,17/03/2004 7:00,158,1.6,84,7.5,160,84,9.9,65.2,0.7956,17,3,2004,7,1173,878,1038,1556,1052,Low
159,159,159,17/03/2004 8:00,159,4.1,260,21.4,320,108,11.1,60.2,0.7958,17,3,2004,8,1587,1334,702,1999,1534,Mid
160,160,160,17/03/2004 9:00,160,6.6,534,36.4,377,127,14.1,50.0,0.802,17,3,2004,9,1852,1696,553,2535,1931,Mid
161,161,161,17/03/2004 10:00,161,4.3,368,21.3,280,134,17.7,40.1,0.8048,17,3,2004,10,1522,1331,703,2026,1734,Mid
162,162,162,17/03/2004 11:00,162,2.9,200,15.4,221,135,21.1,33.4,0.8265,17,3,2004,11,1438,1161,819,1782,1595,High
163,163,163,17/03/2004 12:00,163,2.5,145,12.5,210,142,24.3,28.3,0.8471,17,3,2004,12,1393,1067,905,1654,1490,High
164,164,164,17/03/2004 13:00,164,2.8,188,15.1,204,153,25.6,25.6,0.8254,17,3,2004,13,1452,1152,861,1747,1508,High
165,165,165,17/03/2004 14:00,165,2.6,152,13.7,161,123,25.9,25.9,0.8503,17,3,2004,14,1389,1108,887,1712,1334,High
166,166,166,17/03/2004 15:00,166,2.0,103,10.4,135,104,26.8,18.7,0.65,17,3,2004,15,1207,994,1013,1520,1045,High
167,167,167,17/03/2004 16:00,167,2.9,193,15.2,186,129,29.3,15.8,0.6309,17,3,2004,16,1365,1154,940,1679,1221,High
168,168,168,17/03/2004 17:00,168,2.5,134,12.3,147,114,28.5,14.9,0.5708,17,3,2004,17,1247,1060,1032,1525,1069,High
169,169,169,17/03/2004 18:00,169,5.0,386,27.0,299,158,25.9,16.0,0.5237,17,3,2004,18,1557,1478,793,1981,1569,High
170,170,170,17/03/2004 19:00,170,7.6,577,38.4,411,194,23.1,26.5,0.7403,17,3,2004,19,1973,1737,617,2414,2306,High
171,171,171,17/03/2004 20:00,171,6.7,523,35.1,347,182,20.5,38.2,0.9133,17,3,2004,20,1975,1667,597,2416,2359,High
172,172,172,17/03/2004 21:00,172,5.7,472,27.2,336,180,19.1,42.6,0.9294,17,3,2004,21,1795,1485,653,2174,2050,Mid
173,173,173,17/03/2004 22:00,173,2.8,206,15.0,202,136,17.2,44.1,0.8558,17,3,2004,22,1444,1150,770,1727,1727,Mid
174,174,174,17/03/2004 23:00,174,2.6,216,15.7,178,127,16.0,50.9,0.9206,17,3,2004,23,1488,1171,731,1778,1705,Mid
175,175,175,18/03/2004 0:00,175,2.3,159,13.0,154,116,14.8,53.9,0.9024,18,3,2004,0,1371,1083,796,1669,1551,Mid
176,176,176,18/03/2004 1:00,176,1.4,70,8.1,92,107,14.3,55.4,0.8975,18,3,2004,1,1161,904,947,1502,1240,Mid
177,177,177,18/03/2004 2:00,177,1.0,44,5.5,61,88,14.8,52.1,0.8686,18,3,2004,2,1064,787,1057,1407,1115,Mid
180,180,180,18/03/2004 5:00,180,0.6,20,2.5,37,57,12.0,58.9,0.8233,18,3,2004,5,931,623,1293,1307,828,Mid
181,181,181,18/03/2004 6:00,181,0.7,26,3.0,68,71,10.9,62.1,0.8113,18,3,2004,6,938,650,1251,1333,893,Mid
182,182,182,18/03/2004 7:00,182,1.5,78,7.7,139,85,10.6,63.3,0.8067,18,3,2004,7,1166,885,1005,1551,1075,Mid
183,183,183,18/03/2004 8:00,183,4.7,319,23.3,339,124,11.5,60.0,0.8117,18,3,2004,8,1643,1384,667,2094,1610,Mid
184,184,184,18/03/2004 9:00,184,6.6,506,35.8,421,151,14.3,50.6,0.8186,18,3,2004,9,1934,1682,541,2468,2051,Mid
287,287,287,22/03/2004 16:00,287,2.3,451,11.6,150,101,21.3,24.2,0.606,22,3,2004,16,1076,1034,964,1544,813,High
288,288,288,22/03/2004 17:00,288,2.6,185,12.4,138,103,20.2,28.5,0.6682,22,3,2004,17,1152,1062,928,1606,850,High
289,289,289,22/03/2004 18:00,289,3.8,426,18.3,213,129,17.0,43.1,0.8264,22,3,2004,18,1407,1249,720,1932,1276,Mid
290,290,290,22/03/2004 19:00,290,4.4,672,21.0,232,143,15.6,47.4,0.8347,22,3,2004,19,1438,1325,678,1993,1401,Mid
291,291,291,22/03/2004 20:00,291,4.5,624,21.0,238,146,15.3,47.4,0.8178,22,3,2004,20,1425,1325,678,1965,1356,Mid
292,292,292,22/03/2004 21:00,292,3.3,325,14.5,180,124,14.5,49.7,0.8177,22,3,2004,21,1279,1131,775,1758,1243,Mid
293,293,293,22/03/2004 22:00,293,2.0,143,8.4,128,113,13.9,52.0,0.8231,22,3,2004,22,1132,916,920,1561,1083,Mid
294,294,294,22/03/2004 23:00,294,1.1,89,4.3,65,80,14.5,49.4,0.8106,22,3,2004,23,1006,729,1142,1370,795,Mid
295,295,295,23/03/2004 0:00,295,0.9,73,3.8,53,72,13.8,51.4,0.8071,23,3,2004,0,982,700,1204,1359,735,Mid
296,296,296,23/03/2004 1:00,296,0.8,48,2.7,47,64,14.0,51.3,0.8163,23,3,2004,1,969,636,1271,1309,684,Mid
297,297,297,23/03/2004 2:00,297,0.7,47,2.5,51,70,13.0,56.8,0.8444,23,3,2004,2,941,621,1298,1330,714,Mid
300,300,300,23/03/2004 5:00,300,0.3,19,0.6,13,22,8.8,80.5,0.9147,23,3,2004,5,834,459,1908,1212,361,Low
301,301,301,23/03/2004 6:00,301,0.5,26,1.8,33,47,9.6,75.4,0.9004,23,3,2004,6,909,567,1542,1287,418,Low
302,302,302,23/03/2004 7:00,302,1.1,60,4.6,103,88,9.8,75.0,0.9093,23,3,2004,7,1061,745,1178,1429,616,Low
303,303,303,23/03/2004 8:00,303,3.0,248,14.2,224,130,10.0,74.2,0.9117,23,3,2004,8,1441,1124,851,1829,1089,Mid
304,304,304,23/03/2004 9:00,304,3.8,535,21.0,244,132,11.2,69.7,0.9232,23,3,2004,9,1498,1325,684,2095,1329,Mid
305,305,305,23/03/2004 10:00,305,3.4,340,16.2,237,132,12.0,62.9,0.8803,23,3,2004,10,1343,1185,760,1857,1311,Mid
306,306,306,23/03/2004 11:00,306,3.0,325,15.5,220,131,12.8,55.8,0.821,23,3,2004,11,1308,1166,792,1794,1236,Mid
307,307,307,23/03/2004 12:00,307,2.7,267,13.4,207,129,13.1,54.8,0.8234,23,3,2004,12,1209,1097,837,1746,1147,Mid
308,308,308,23/03/2004 13:00,308,3.5,325,16.9,208,132,13.8,53.4,0.8351,23,3,2004,13,1310,1207,770,1847,1301,Mid
309,309,309,23/03/2004 14:00,309,2.8,268,12.4,160,110,16.0,42.4,0.7674,23,3,2004,14,1171,1064,881,1639,1097,Mid
310,310,310,23/03/2004 15:00,310,1.9,136,10.1,131,99,14.1,49.8,0.7971,23,3,2004,15,1112,980,924,1589,900,Mid
311,311,311,23/03/2004 16:00,311,2.0,118,8.7,128,100,12.0,61.1,0.8537,23,3,2004,16,1132,927,944,1570,781,Mid
312,312,312,23/03/2004 17:00,312,3.0,276,13.8,176,122,13.6,54.6,0.8465,23,3,2004,17,1225,1111,818,1719,1013,Mid
313,313,313,23/03/2004 18:00,313,1.9,151,9.3,107,97,13.7,49.5,0.7695,23,3,2004,18,1065,953,962,1514,790,Mid
314,314,314,23/03/2004 19:00,314,2.7,236,13.0,131,112,11.7,57.1,0.7822,23,3,2004,19,1236,1084,854,1688,1059,Mid
315,315,315,23/03/2004 20:00,315,3.3,220,14.3,166,128,11.5,58.2,0.7867,23,3,2004,20,1309,1126,812,1722,1205,Mid
316,316,316,23/03/2004 21:00,316,1.7,87,7.6,89,101,12.6,54.2,0.7881,23,3,2004,21,1089,884,1006,1487,975,Mid
317,317,317,23/03/2004 22:00,317,1.3,81,5.3,81,96,12.0,54.9,0.7664,23,3,2004,22,1000,776,1141,1375,896,Mid
318,318,318,23/03/2004 23:00,318,1.3,74,5.4,78,86,11.0,61.4,0.8057,23,3,2004,23,1041,782,1105,1425,911,Mid
319,319,319,24/03/2004 0:00,319,1.2,55,4.9,70,85,11.1,62.2,0.8199,24,3,2004,0,1045,756,1137,1411,902,Mid
320,320,320,24/03/2004 1:00,320,1.1,74,4.6,76,79,10.8,62.5,0.8082,24,3,2004,1,997,744,1151,1405,832,Mid
321,321,321,24/03/2004 2:00,321,0.9,35,2.7,43,61,11.3,60.0,0.8025,24,3,2004,2,948,634,1320,1326,715,Mid
324,324,324,24/03/2004 5:00,324,0.6,20,1.2,34,54,10.9,58.6,0.7628,24,3,2004,5,892,522,1572,1255,648,Mid
325,325,325,24/03/2004 6:00,325,0.8,32,1.7,43,57,10.8,57.2,0.7382,24,3,2004,6,954,561,1496,1255,612,Mid
326,326,326,24/03/2004 7:00,326,1.2,84,4.8,79,75,10.4,59.2,0.7455,24,3,2004,7,1045,751,1186,1403,800,Mid
327,327,327,24/03/2004 8:00,327,3.1,245,13.8,174,97,11.0,57.3,0.7501,24,3,2004,8,1383,1109,832,1706,1173,Mid
328,328,328,24/03/2004 9:00,328,4.4,553,23.7,235,110,11.2,56.9,0.7565,24,3,2004,9,1597,1395,652,2080,1519,Mid
329,329,329,24/03/2004 10:00,329,3.4,450,14.2,218,113,12.1,54.9,0.7734,24,3,2004,10,1318,1124,762,1770,1287,Mid
330,330,330,24/03/2004 11:00,330,1.7,118,8.0,136,88,15.1,44.3,0.7535,24,3,2004,11,1138,898,950,1505,966,Mid
331,331,331,24/03/2004 12:00,331,1.5,118,6.7,117,85,15.6,40.6,0.7146,24,3,2004,12,1098,842,1012,1440,828,Mid
332,332,332,24/03/2004 13:00,332,1.7,144,8.7,119,96,16.9,34.6,0.6597,24,3,2004,13,1118,927,959,1477,825,Mid
333,333,333,24/03/2004 14:00,333,2.2,159,10.8,126,106,16.6,35.6,0.6697,24,3,2004,14,1170,1009,879,1566,872,Mid
335,335,335,24/03/2004 16:00,335,2.7,230,11.4,197,126,9.6,81.1,0.972,24,3,2004,16,1390,1028,829,1730,1002,Low
336,336,336,24/03/2004 17:00,336,2.8,320,13.4,195,130,11.7,69.1,0.9497,24,3,2004,17,1353,1096,774,1783,1159,Mid
337,337,337,24/03/2004 18:00,337,2.7,263,12.0,156,111,10.7,68.5,0.8794,24,3,2004,18,1260,1050,828,1722,979,Mid
338,338,338,24/03/2004 19:00,338,4.5,556,20.2,247,134,10.7,67.3,0.8643,24,3,2004,19,1501,1302,681,2008,1311,Mid
339,339,339,24/03/2004 20:00,339,3.5,458,14.4,190,136,10.8,65.7,0.8486,24,3,2004,20,1273,1130,795,1744,1071,Mid
340,340,340,24/03/2004 21:00,340,2.6,214,9.4,169,125,10.3,66.3,0.8336,24,3,2004,21,1179,955,928,1571,899,Mid
341,341,341,24/03/2004 22:00,341,1.7,97,5.9,118,108,10.1,66.9,0.8248,24,3,2004,22,1047,809,1064,1435,766,Mid
342,342,342,24/03/2004 23:00,342,1.3,79,4.5,81,87,10.4,61.1,0.7717,24,3,2004,23,973,739,1186,1354,589,Mid
343,343,343,25/03/2004 0:00,343,1.3,81,4.5,80,89,10.3,59.9,0.7516,25,3,2004,0,997,737,1168,1341,631,Mid
344,344,344,25/03/2004 1:00,344,1.0,52,2.5,42,58,11.0,58.4,0.7686,25,3,2004,1,970,621,1400,1249,479,Mid
345,345,345,25/03/2004 2:00,345,0.7,38,1.8,38,54,9.1,68.1,0.789,25,3,2004,2,902,568,1450,1253,479,Low
347,347,347,25/03/2004 4:00,347,0.5,29,0.9,18,28,9.3,72.3,0.8496,25,3,2004,4,858,490,1707,1212,378,Low
348,348,348,25/03/2004 5:00,348,0.5,21,0.6,12,20,9.9,66.8,0.8152,25,3,2004,5,878,457,1935,1158,344,Low
349,349,349,25/03/2004 6:00,349,0.6,46,1.4,43,51,7.6,83.2,0.8695,25,3,2004,6,893,540,1604,1268,413,Low
350,350,350,25/03/2004 7:00,350,1.1,55,3.8,84,82,8.1,79.0,0.8544,25,3,2004,7,1038,697,1260,1383,605,Low
351,351,351,25/03/2004 8:00,351,2.7,271,11.6,184,112,8.7,74.6,0.8429,25,3,2004,8,1320,1035,902,1721,991,Low
352,352,352,25/03/2004 9:00,352,3.5,434,17.8,202,119,8.6,75.1,0.8415,25,3,2004,9,1353,1235,740,1937,1175,Low
353,353,353,25/03/2004 10:00,353,2.3,300,8.8,133,99,9.7,69.7,0.8389,25,3,2004,10,1133,933,969,1552,923,Low
354,354,354,25/03/2004 11:00,354,1.6,116,6.8,130,98,11.0,64.4,0.8447,25,3,2004,11,1066,849,1039,1468,829,Mid
355,355,355,25/03/2004 12:00,355,1.3,95,5.9,106,88,13.6,53.0,0.8209,25,3,2004,12,1027,809,1081,1442,733,Mid
356,356,356,25/03/2004 13:00,356,2.0,211,8.9,132,96,14.2,48.4,0.778,25,3,2004,13,1106,935,958,1570,819,Mid
357,357,357,25/03/2004 14:00,357,1.9,168,8.2,106,81,14.2,46.3,0.7438,25,3,2004,14,1038,907,976,1492,723,Mid
358,358,358,25/03/2004 15:00,358,1.9,154,8.6,125,92,16.0,41.3,0.7462,25,3,2004,15,1084,924,986,1501,786,Mid
359,359,359,25/03/2004 16:00,359,2.2,267,10.1,138,105,17.7,35.4,0.7094,25,3,2004,16,1105,982,939,1545,850,Mid
360,360,360,25/03/2004 17:00,360,2.0,143,9.4,120,88,17.1,37.4,0.7225,25,3,2004,17,1102,957,968,1527,820,Mid
361,361,361,25/03/2004 18:00,361,2.9,374,14.6,158,103,14.9,40.5,0.6835,25,3,2004,18,1240,1137,836,1748,991,Mid
362,362,362,25/03/2004 19:00,362,5.2,797,24.6,253,141,13.4,47.8,0.7293,25,3,2004,19,1443,1418,666,2060,1454,Mid
363,363,363,25/03/2004 20:00,363,4.6,698,21.6,231,133,12.6,52.5,0.7642,25,3,2004,20,1389,1341,692,1982,1488,Mid
364,364,364,25/03/2004 21:00,364,2.5,234,10.3,150,119,12.2,53.2,0.7555,25,3,2004,21,1183,989,904,1539,1205,Mid
365,365,365,25/03/2004 22:00,365,1.5,104,5.7,99,106,10.6,56.1,0.714,25,3,2004,22,1014,798,1083,1376,909,Mid
366,366,366,25/03/2004 23:00,366,1.2,67,4.5,75,92,9.9,59.5,0.7276,25,3,2004,23,979,736,1154,1324,769,Low
367,367,367,26/03/2004 0:00,367,1.7,88,5.5,93,97,9.6,61.1,0.7323,26,3,2004,0,1048,787,1098,1373,835,Low
368,368,368,26/03/2004 1:00,368,1.4,79,4.8,79,91,9.7,61.6,0.7425,26,3,2004,1,1024,753,1131,1357,793,Low
369,369,369,26/03/2004 2:00,369,1.2,61,3.6,67,83,9.4,62.6,0.7398,26,3,2004,2,974,690,1208,1313,733,Low
371,371,371,26/03/2004 4:00,371,0.7,40,2.2,45,59,8.0,69.4,0.7459,26,3,2004,4,925,602,1398,1263,562,Low
372,372,372,26/03/2004 5:00,372,0.8,52,3.0,72,73,7.7,72.4,0.7655,26,3,2004,5,952,654,1210,1312,832,Low
373,373,373,26/03/2004 6:00,373,0.9,64,4.0,103,78,8.0,71.8,0.7711,26,3,2004,6,1005,713,1130,1363,924,Low
374,374,374,26/03/2004 7:00,374,1.6,88,6.7,132,90,8.5,66.3,0.7375,26,3,2004,7,1122,842,1015,1438,974,Low
375,375,375,26/03/2004 8:00,375,3.4,375,16.7,239,110,9.8,59.6,0.7214,26,3,2004,8,1351,1201,783,1828,1307,Low
376,376,376,26/03/2004 9:00,376,3.8,592,19.3,275,114,11.2,57.0,0.7544,26,3,2004,9,1408,1278,682,1928,1481,Mid
377,377,377,26/03/2004 10:00,377,3.1,357,14.8,232,119,14.8,44.1,0.7407,26,3,2004,10,1304,1142,772,1747,1405,Mid
378,378,378,26/03/2004 11:00,378,2.7,296,13.4,180,121,16.8,35.3,0.6729,26,3,2004,11,1207,1098,826,1664,1195,Mid
379,379,379,26/03/2004 12:00,379,2.0,181,11.0,112,97,19.2,27.1,0.5976,26,3,2004,12,1099,1014,948,1503,868,Mid
380,380,380,26/03/2004 13:00,380,2.3,211,12.5,116,99,19.1,26.2,0.5741,26,3,2004,13,1106,1068,915,1535,874,Mid
381,381,381,26/03/2004 14:00,381,1.9,199,8.4,103,85,16.3,30.8,0.5683,26,3,2004,14,1009,916,1015,1391,738,Mid
382,382,382,26/03/2004 15:00,382,1.3,81,5.3,89,75,14.2,36.8,0.5922,26,3,2004,15,962,776,1152,1279,550,Mid
383,383,383,26/03/2004 16:00,383,1.9,143,8.8,112,87,13.4,41.0,0.6292,26,3,2004,16,1093,933,976,1454,777,Mid
384,384,384,26/03/2004 17:00,384,2.3,247,11.2,127,102,14.2,43.3,0.6982,26,3,2004,17,1180,1023,886,1588,966,Mid
385,385,385,26/03/2004 18:00,385,2.4,239,11.6,125,105,12.1,45.6,0.6403,26,3,2004,18,1168,1037,868,1580,990,Mid
386,386,386,26/03/2004 19:00,386,2.7,267,12.4,120,98,10.4,48.0,0.6046,26,3,2004,19,1168,1063,876,1540,944,Mid
387,387,387,26/03/2004 20:00,387,2.6,261,10.6,120,93,10.0,51.1,0.628,26,3,2004,20,1140,1000,916,1490,962,Mid
388,388,388,26/03/2004 21:00,388,1.5,97,6.0,99,91,9.8,50.8,0.6172,26,3,2004,21,1001,811,1097,1308,778,Low
389,389,389,26/03/2004 22:00,389,1.2,66,4.6,79,85,9.7,50.4,0.6063,26,3,2004,22,953,743,1185,1252,690,Low
390,390,390,26/03/2004 23:00,390,1.1,60,4.1,66,74,9.9,50.2,0.6103,26,3,2004,23,972,715,1237,1258,644,Low
391,391,391,27/03/2004 0:00,391,1.5,77,5.2,94,87,9.4,53.4,0.63,27,3,2004,0,1021,776,1144,1307,753,Low
392,392,392,27/03/2004 1:00,392,1.0,57,3.2,70,79,8.6,57.8,0.6488,27,3,2004,1,940,664,1290,1232,646,Low
393,393,393,27/03/2004 2:00,393,1.2,65,4.5,75,78,8.1,62.1,0.6746,27,3,2004,2,1046,736,1142,1312,838,Low
396,396,396,27/03/2004 5:00,396,0.8,27,1.9,32,48,8.2,58.9,0.6444,27,3,2004,5,915,578,1417,1212,665,Low
397,397,397,27/03/2004 6:00,397,0.9,25,2.4,54,59,6.3,66.6,0.641,27,3,2004,6,935,615,1373,1250,717,Low
398,398,398,27/03/2004 7:00,398,1.1,42,3.3,68,65,7.2,62.9,0.6396,27,3,2004,7,976,669,1270,1266,795,Low
399,399,399,27/03/2004 8:00,399,1.5,78,6.7,98,71,7.2,63.9,0.65,27,3,2004,8,1124,842,1050,1418,936,Low
400,400,400,27/03/2004 9:00,400,1.8,128,8.5,128,84,11.1,50.5,0.6654,27,3,2004,9,1163,919,922,1530,1076,Mid
401,401,401,27/03/2004 10:00,401,2.1,184,9.7,129,93,15.5,36.1,0.6313,27,3,2004,10,1167,966,942,1520,1016,Mid
402,402,402,27/03/2004 11:00,402,2.1,156,9.4,130,99,17.8,29.2,0.592,27,3,2004,11,1121,955,992,1451,834,Mid
403,403,403,27/03/2004 12:00,403,1.9,176,9.0,111,93,17.6,30.1,0.6013,27,3,2004,12,1071,940,994,1449,756,Mid
404,404,404,27/03/2004 13:00,404,2.1,232,10.0,106,96,19.1,26.8,0.5861,27,3,2004,13,1065,979,950,1467,766,Mid
405,405,405,27/03/2004 14:00,405,2.5,305,12.6,137,114,17.7,28.6,0.5735,27,3,2004,14,1157,1072,888,1596,905,Mid
406,406,406,27/03/2004 15:00,406,1.9,150,7.6,113,101,17.8,28.4,0.5737,27,3,2004,15,1046,883,1051,1357,765,Mid
407,407,407,27/03/2004 16:00,407,2.2,188,11.8,122,108,18.7,26.0,0.5555,27,3,2004,16,1147,1042,934,1538,830,Mid
408,408,408,27/03/2004 17:00,408,2.3,221,11.2,137,117,17.1,31.3,0.6038,27,3,2004,17,1119,1022,916,1508,853,Mid
409,409,409,27/03/2004 18:00,409,2.7,219,12.4,165,125,15.8,36.1,0.644,27,3,2004,18,1210,1062,886,1586,981,Mid
410,410,410,27/03/2004 19:00,410,3.0,306,12.9,196,133,14.7,40.1,0.6657,27,3,2004,19,1306,1079,827,1621,1286,Mid
411,411,411,27/03/2004 20:00,411,2.8,270,12.2,174,119,13.6,44.9,0.6991,27,3,2004,20,1258,1057,841,1633,1244,Mid
412,412,412,27/03/2004 21:00,412,2.2,231,8.8,140,107,12.5,48.1,0.6946,27,3,2004,21,1148,930,948,1475,1056,Mid
413,413,413,27/03/2004 22:00,413,1.6,125,6.8,102,96,11.8,50.8,0.7042,27,3,2004,22,1108,848,1023,1421,1003,Mid
414,414,414,27/03/2004 23:00,414,2.1,122,8.6,130,105,10.9,56.1,0.7326,27,3,2004,23,1231,924,906,1483,1245,Mid
415,415,415,28/03/2004 0:00,415,2.3,161,8.9,121,102,10.9,55.9,0.7277,28,3,2004,0,1293,937,930,1464,1200,Mid
416,416,416,28/03/2004 1:00,416,2.3,101,8.3,111,97,10.3,58.1,0.7278,28,3,2004,1,1274,912,939,1451,1188,Mid
417,417,417,28/03/2004 2:00,417,1.7,95,6.3,87,79,9.3,62.2,0.7294,28,3,2004,2,1135,827,1013,1395,1070,Low
419,419,419,28/03/2004 4:00,419,1.3,96,5.1,77,69,8.3,64.9,0.7124,28,3,2004,4,1010,769,1110,1396,895,Low
420,420,420,28/03/2004 5:00,420,0.8,54,2.6,39,52,9.6,58.5,0.7,28,3,2004,5,870,626,1325,1284,755,Low
421,421,421,28/03/2004 6:00,421,1.1,63,3.6,77,62,7.7,66.4,0.699,28,3,2004,6,983,688,1251,1342,806,Low
422,422,422,28/03/2004 7:00,422,1.4,72,3.6,91,69,7.4,68.0,0.7043,28,3,2004,7,995,691,1219,1321,836,Low
423,423,423,28/03/2004 8:00,423,1.3,91,4.7,105,75,9.7,58.6,0.7035,28,3,2004,8,1024,747,1136,1382,897,Low
424,424,424,28/03/2004 9:00,424,1.9,127,7.5,133,83,12.5,50.1,0.7242,28,3,2004,9,1163,880,959,1486,1073,Mid
425,425,425,28/03/2004 10:00,425,2.3,193,9.0,128,94,16.8,36.9,0.7018,28,3,2004,10,1218,938,918,1501,1088,Mid
426,426,426,28/03/2004 11:00,426,2.3,188,9.5,126,96,19.2,31.3,0.6887,28,3,2004,11,1210,958,933,1514,1036,Mid
427,427,427,28/03/2004 12:00,427,1.8,151,7.7,92,86,21.3,26.4,0.6607,28,3,2004,12,1114,887,1020,1438,768,High
428,428,428,28/03/2004 13:00,428,1.4,103,5.7,66,72,21.2,23.1,0.5768,28,3,2004,13,995,796,1159,1287,587,High
429,429,429,28/03/2004 14:00,429,1.0,55,3.8,50,53,18.6,25.0,0.5319,28,3,2004,14,927,700,1285,1189,452,Mid
430,430,430,28/03/2004 15:00,430,1.4,104,4.8,70,65,18.0,27.3,0.5594,28,3,2004,15,1002,754,1189,1260,470,Mid
431,431,431,28/03/2004 16:00,431,1.3,116,4.3,73,70,18.2,28.3,0.5848,28,3,2004,16,987,727,1213,1244,502,Mid
432,432,432,28/03/2004 17:00,432,1.3,93,4.1,77,75,17.0,31.4,0.6048,28,3,2004,17,993,714,1217,1238,516,Mid
433,433,433,28/03/2004 18:00,433,1.4,93,4.7,86,86,15.6,35.0,0.617,28,3,2004,18,1012,746,1174,1301,555,Mid
434,434,434,28/03/2004 19:00,434,1.9,155,6.2,93,94,14.1,40.2,0.6438,28,3,2004,19,1114,823,1068,1357,671,Mid
435,435,435,28/03/2004 20:00,435,1.8,115,5.5,105,103,13.4,43.2,0.6623,28,3,2004,20,1093,789,1102,1329,788,Mid
436,436,436,28/03/2004 21:00,436,1.1,75,3.3,67,81,12.3,46.8,0.6686,28,3,2004,21,968,669,1261,1246,538,Mid
437,437,437,28/03/2004 22:00,437,1.1,65,3.2,63,80,11.9,46.5,0.6449,28,3,2004,22,960,666,1266,1224,544,Mid
438,438,438,28/03/2004 23:00,438,1.1,57,2.9,63,77,11.5,46.6,0.6319,28,3,2004,23,942,648,1300,1204,500,Mid
439,439,439,29/03/2004 0:00,439,0.9,40,2.2,46,58,10.6,48.0,0.6135,29,3,2004,0,888,598,1396,1156,417,Mid
440,440,440,29/03/2004 1:00,440,0.6,27,1.3,21,31,10.7,45.8,0.5895,29,3,2004,1,818,524,1588,1071,341,Mid
441,441,441,29/03/2004 2:00,441,0.5,23,1.1,22,38,10.4,46.6,0.5901,29,3,2004,2,840,509,1643,1076,352,Mid
443,443,443,29/03/2004 4:00,443,0.6,21,1.2,39,59,11.3,46.9,0.628,29,3,2004,4,864,516,1496,1153,502,Mid
444,444,444,29/03/2004 5:00,444,0.7,33,1.7,55,70,10.1,51.2,0.6341,29,3,2004,5,898,559,1441,1180,648,Mid
445,445,445,29/03/2004 6:00,445,0.9,40,2.9,76,75,9.9,50.7,0.6167,29,3,2004,6,946,643,1309,1232,760,Low
446,446,446,29/03/2004 7:00,446,2.9,279,14.3,181,103,8.1,56.8,0.615,29,3,2004,7,1309,1125,844,1687,1183,Low
447,447,447,29/03/2004 8:00,447,4.1,743,19.7,259,134,10.9,44.1,0.5748,29,3,2004,8,1326,1289,714,1806,1431,Mid
448,448,448,29/03/2004 9:00,448,1.5,147,5.5,118,98,11.8,37.6,0.5184,29,3,2004,9,966,786,1111,1258,705,Mid
449,449,449,29/03/2004 10:00,449,1.5,97,5.6,119,97,13.9,33.2,0.5222,29,3,2004,10,975,793,1133,1254,637,Mid
450,450,450,29/03/2004 11:00,450,1.5,118,5.8,123,98,15.6,30.1,0.5285,29,3,2004,11,988,803,1105,1293,658,Mid
451,451,451,29/03/2004 12:00,451,1.4,91,5.5,92,78,16.5,29.0,0.5406,29,3,2004,12,971,786,1129,1272,546,Mid
452,452,452,29/03/2004 13:00,452,1.6,146,6.5,91,83,17.5,27.9,0.5517,29,3,2004,13,1010,833,1070,1332,561,Mid
453,453,453,29/03/2004 14:00,453,1.5,139,5.5,103,92,17.9,26.8,0.5446,29,3,2004,14,984,790,1131,1268,532,Mid
454,454,454,29/03/2004 15:00,454,1.4,155,5.2,102,81,18.2,26.1,0.5387,29,3,2004,15,962,776,1131,1247,535,Mid
455,455,455,29/03/2004 16:00,455,1.5,128,5.8,94,90,18.0,27.1,0.5522,29,3,2004,16,1012,801,1098,1289,525,Mid
456,456,456,29/03/2004 17:00,456,1.9,166,7.9,98,95,17.0,28.9,0.5558,29,3,2004,17,1058,896,996,1358,603,Mid
457,457,457,29/03/2004 18:00,457,2.5,299,10.2,126,114,16.1,31.3,0.568,29,3,2004,18,1173,985,905,1477,802,Mid
458,458,458,29/03/2004 19:00,458,2.1,163,8.2,108,106,14.5,35.4,0.5839,29,3,2004,19,1127,907,957,1404,796,Mid
459,459,459,29/03/2004 20:00,459,1.6,154,5.7,95,99,13.2,37.9,0.5733,29,3,2004,20,1020,797,1066,1302,689,Mid
460,460,460,29/03/2004 21:00,460,1.2,80,3.8,78,90,13.1,34.4,0.517,29,3,2004,21,949,700,1221,1178,553,Mid
461,461,461,29/03/2004 22:00,461,1.1,58,4.0,61,82,13.5,28.5,0.4405,29,3,2004,22,930,710,1278,1137,509,Mid
462,462,462,29/03/2004 23:00,462,1.0,55,2.8,55,74,12.4,31.9,0.4583,29,3,2004,23,900,643,1339,1089,455,Mid
463,463,463,30/03/2004 0:00,463,1.0,33,2.6,57,76,13.1,26.8,0.4023,30,3,2004,0,899,630,1418,1050,425,Mid
464,464,464,30/03/2004 1:00,464,0.7,33,1.8,41,66,11.6,33.6,0.4595,30,3,2004,1,866,569,1468,1055,436,Mid
465,465,465,30/03/2004 2:00,465,0.7,32,1.7,46,73,10.5,42.9,0.5442,30,3,2004,2,900,563,1402,1130,618,Mid
468,468,468,30/03/2004 5:00,468,0.7,26,2.3,52,71,12.9,33.9,0.5037,30,3,2004,5,956,605,1341,1117,691,Mid
469,469,469,30/03/2004 6:00,469,1.1,86,5.3,111,98,11.3,40.3,0.5376,30,3,2004,6,1054,779,1080,1266,1013,Mid
470,470,470,30/03/2004 7:00,470,2.6,294,13.4,191,115,11.9,38.4,0.5341,30,3,2004,7,1343,1096,839,1587,1311,Mid
471,471,471,30/03/2004 8:00,471,4.0,664,23.8,244,130,13.3,35.6,0.5416,30,3,2004,8,1584,1399,642,1947,1675,Mid
472,472,472,30/03/2004 9:00,472,4.2,695,21.5,283,150,16.3,28.8,0.5305,30,3,2004,9,1556,1337,674,1852,1689,Mid
473,473,473,30/03/2004 10:00,473,4.7,735,21.0,320,159,17.9,28.2,0.5741,30,3,2004,10,1565,1324,695,1872,1688,Mid
474,474,474,30/03/2004 11:00,474,3.9,649,18.4,249,146,18.3,26.6,0.5529,30,3,2004,11,1429,1251,734,1754,1548,Mid
475,475,475,30/03/2004 12:00,475,3.7,586,18.9,219,138,20.8,22.5,0.5463,30,3,2004,12,1419,1267,742,1763,1490,High
476,476,476,30/03/2004 13:00,476,3.4,546,17.1,200,128,22.4,20.0,0.5352,30,3,2004,13,1373,1213,791,1711,1354,High
477,477,477,30/03/2004 14:00,477,2.2,245,10.4,138,97,20.9,21.7,0.5295,30,3,2004,14,1185,992,942,1448,1014,High
478,478,478,30/03/2004 15:00,478,1.9,178,8.0,118,91,19.1,26.5,0.579,30,3,2004,15,1122,897,991,1372,831,Mid
479,479,479,30/03/2004 16:00,479,1.6,130,6.2,99,81,18.1,30.6,0.6295,30,3,2004,16,1085,820,1060,1325,699,Mid
480,480,480,30/03/2004 17:00,480,2.1,151,9.7,112,99,17.3,34.7,0.6788,30,3,2004,17,1249,968,874,1527,926,Mid
481,481,481,30/03/2004 18:00,481,2.2,272,9.6,117,101,15.8,40.4,0.7228,30,3,2004,18,1236,962,853,1532,928,Mid
482,482,482,30/03/2004 19:00,482,2.7,301,11.9,129,106,15.9,42.0,0.7541,30,3,2004,19,1334,1047,815,1638,1038,Mid
483,483,483,30/03/2004 20:00,483,2.4,237,8.7,132,102,15.9,43.5,0.779,30,3,2004,20,1264,928,884,1534,1035,Mid
484,484,484,30/03/2004 21:00,484,1.3,95,4.7,73,84,15.0,46.1,0.7833,30,3,2004,21,1073,746,1072,1360,789,Mid
485,485,485,30/03/2004 22:00,485,1.2,68,3.8,68,81,15.1,44.6,0.7574,30,3,2004,22,1053,701,1147,1323,692,Mid
486,486,486,30/03/2004 23:00,486,1.5,101,4.7,80,91,14.9,43.5,0.7302,30,3,2004,23,1098,747,1094,1360,764,Mid
487,487,487,31/03/2004 0:00,487,1.3,81,3.8,68,82,14.8,41.0,0.685,31,3,2004,0,1029,702,1180,1287,639,Mid
488,488,488,31/03/2004 1:00,488,1.0,50,2.7,44,64,14.8,40.8,0.6814,31,3,2004,1,973,631,1287,1240,541,Mid
489,489,489,31/03/2004 2:00,489,0.9,66,2.8,47,70,14.8,40.8,0.6834,31,3,2004,2,972,639,1222,1256,678,Mid
491,491,491,31/03/2004 4:00,491,0.5,18,0.8,15,26,14.5,36.1,0.5928,31,3,2004,4,851,477,1699,1064,343,Mid
492,492,492,31/03/2004 5:00,492,0.6,31,1.5,44,58,14.6,36.0,0.5947,31,3,2004,5,909,545,1473,1131,436,Mid
493,493,493,31/03/2004 6:00,493,1.0,57,3.5,85,93,14.4,38.5,0.6291,31,3,2004,6,1038,684,1220,1279,688,Mid
494,494,494,31/03/2004 7:00,494,3.1,342,15.6,207,110,13.8,58.2,0.9129,31,3,2004,7,1636,1168,721,1926,1438,Mid
495,495,495,31/03/2004 8:00,495,4.1,644,19.9,230,115,13.2,61.1,0.9256,31,3,2004,8,1580,1295,639,1957,1489,Mid
496,496,496,31/03/2004 9:00,496,2.2,216,8.6,181,125,10.4,74.4,0.9384,31,3,2004,9,1262,924,872,1576,1093,Mid
497,497,497,31/03/2004 10:00,497,1.7,117,6.5,144,118,11.5,71.0,0.9582,31,3,2004,10,1197,837,957,1498,965,Mid
498,498,498,31/03/2004 11:00,498,1.9,156,7.7,140,109,12.2,70.0,0.9924,31,3,2004,11,1277,886,902,1579,1004,Mid
499,499,499,31/03/2004 12:00,499,2.9,332,11.3,204,123,12.3,73.3,1.0442,31,3,2004,12,1430,1025,779,1772,1166,Mid
500,500,500,31/03/2004 13:00,500,2.2,232,9.1,149,114,11.3,78.1,1.0411,31,3,2004,13,1242,944,846,1638,991,Mid
501,501,501,31/03/2004 14:00,501,2.6,295,11.2,171,114,13.6,69.2,1.0746,31,3,2004,14,1349,1023,804,1748,1054,Mid
502,502,502,31/03/2004 15:00,502,3.1,386,13.5,195,119,14.9,59.3,0.9974,31,3,2004,15,1390,1100,755,1799,1192,Mid
503,503,503,31/03/2004 16:00,503,2.3,278,10.1,152,111,15.7,50.9,0.8997,31,3,2004,16,1224,980,850,1637,1055,Mid
504,504,504,31/03/2004 17:00,504,2.4,263,11.3,128,103,15.2,52.9,0.9087,31,3,2004,17,1253,1026,810,1681,1048,Mid
505,505,505,31/03/2004 18:00,505,2.8,322,11.8,121,103,15.5,50.8,0.8881,31,3,2004,18,1312,1041,821,1712,1073,Mid
506,506,506,31/03/2004 19:00,506,2.7,226,11.5,142,107,14.3,52.9,0.8581,31,3,2004,19,1254,1033,819,1669,1068,Mid
507,507,507,31/03/2004 20:00,507,2.3,221,9.3,131,105,13.2,56.0,0.8446,31,3,2004,20,1198,953,882,1588,1019,Mid
508,508,508,31/03/2004 21:00,508,1.5,109,5.5,81,91,12.6,57.0,0.8315,31,3,2004,21,1060,787,1044,1418,833,Mid
509,509,509,31/03/2004 22:00,509,1.4,105,5.1,60,79,12.3,57.8,0.8224,31,3,2004,22,1050,769,1078,1409,759,Mid
510,510,510,31/03/2004 23:00,510,1.2,84,4.8,57,79,12.0,58.4,0.8164,31,3,2004,23,1029,754,1098,1395,749,Mid
511,511,511,01/04/2004 0:00,511,1.6,106,6.3,96,86,12.0,61.6,0.8593,1,4,2004,0,1143,825,986,1477,978,Mid
512,512,512,01/04/2004 1:00,512,1.2,100,5.1,85,70,11.5,63.9,0.8652,1,4,2004,1,1044,770,1031,1425,944,Mid
513,513,513,01/04/2004 2:00,513,1.1,71,4.1,50,55,10.7,67.2,0.863,1,4,2004,2,1034,716,1085,1405,891,Mid
515,515,515,01/04/2004 4:00,515,0.7,44,2.4,57,49,10.2,66.6,0.8299,1,4,2004,4,909,615,1237,1322,790,Mid
516,516,516,01/04/2004 5:00,516,0.9,45,2.9,64,50,11.0,63.7,0.8325,1,4,2004,5,996,648,1176,1340,852,Mid
517,517,517,01/04/2004 6:00,517,1.7,134,7.4,153,67,9.6,68.8,0.8243,1,4,2004,6,1154,876,1002,1561,987,Low
518,518,518,01/04/2004 7:00,518,4.2,505,19.8,342,94,9.5,69.6,0.8273,1,4,2004,7,1510,1291,675,1949,1435,Low
519,519,519,01/04/2004 8:00,519,6.2,1042,31.9,378,119,11.9,60.9,0.8455,1,4,2004,8,1722,1595,539,2439,1798,Mid
520,520,520,01/04/2004 9:00,520,4.6,737,21.0,304,139,16.2,48.6,0.8892,1,4,2004,9,1512,1323,631,2001,1677,Mid
521,521,521,01/04/2004 10:00,521,2.8,375,11.7,192,113,19.2,39.6,0.8693,1,4,2004,10,1258,1040,800,1701,1282,Mid
522,522,522,01/04/2004 11:00,522,1.6,124,6.8,130,88,19.7,38.4,0.8743,1,4,2004,11,1094,850,970,1489,871,Mid
523,523,523,01/04/2004 12:00,523,1.7,137,7.4,106,73,20.6,36.7,0.8797,1,4,2004,12,1129,875,974,1524,759,High
524,524,524,01/04/2004 13:00,524,1.7,179,8.6,102,73,21.8,33.9,0.8771,1,4,2004,13,1125,924,937,1542,790,High
528,528,528,01/04/2004 17:00,528,3.3,388,16.4,163,106,23.6,27.5,0.7913,1,4,2004,17,1308,1193,793,1193,1187,High
529,529,529,01/04/2004 18:00,529,4.2,589,21.2,211,132,22.8,32.1,0.8814,1,4,2004,18,1529,1331,700,2028,1399,High
530,530,530,01/04/2004 19:00,530,5.5,840,25.0,267,164,20.8,36.7,0.8878,1,4,2004,19,1592,1429,624,2089,1644,High
531,531,531,01/04/2004 20:00,531,4.9,655,20.2,269,161,18.3,40.9,0.8493,1,4,2004,20,1536,1302,666,1922,1599,Mid
532,532,532,01/04/2004 21:00,532,2.5,254,10.8,154,124,16.8,44.0,0.8341,1,4,2004,21,1192,1007,827,1604,1223,Mid
533,533,533,01/04/2004 22:00,533,2.0,188,9.9,127,113,15.8,48.0,0.8569,1,4,2004,22,1186,976,844,1570,1200,Mid
534,534,534,01/04/2004 23:00,534,2.0,120,8.5,122,103,14.9,52.0,0.8757,1,4,2004,23,1203,920,898,1529,1118,Mid
535,535,535,02/04/2004 0:00,535,2.0,157,8.0,126,104,14.1,54.4,0.8701,2,4,2004,0,1139,899,921,1514,1067,Mid
536,536,536,02/04/2004 1:00,536,1.3,88,5.6,84,93,13.3,58.8,0.8922,2,4,2004,1,1072,795,986,1442,1048,Mid
537,537,537,02/04/2004 2:00,537,1.0,68,3.2,58,60,13.3,60.9,0.9229,2,4,2004,2,954,667,1180,1350,718,Mid
540,540,540,02/04/2004 5:00,540,0.7,51,2.6,56,66,11.3,72.9,0.9738,2,4,2004,5,968,628,1197,1372,737,Mid
541,541,541,02/04/2004 6:00,541,1.1,93,4.3,91,82,11.4,71.8,0.9671,2,4,2004,6,1067,727,1055,1448,903,Mid
542,542,542,02/04/2004 7:00,542,2.6,284,13.0,159,109,11.9,73.7,1.0254,2,4,2004,7,1386,1083,798,1833,1159,Mid
543,543,543,02/04/2004 8:00,543,3.9,486,20.3,190,114,12.6,70.2,1.0221,2,4,2004,8,1474,1306,634,2060,1365,Mid
544,544,544,02/04/2004 9:00,544,5.0,798,20.7,249,139,13.6,65.3,1.0136,2,4,2004,9,1569,1316,634,2054,1510,Mid
545,545,545,02/04/2004 10:00,545,3.3,524,15.9,196,127,16.9,52.3,1.0013,2,4,2004,10,1375,1177,706,1898,1386,Mid
546,546,546,02/04/2004 11:00,546,2.9,468,14.2,180,127,19.4,44.1,0.9855,2,4,2004,11,1328,1123,738,1821,1368,Mid
547,547,547,02/04/2004 12:00,547,3.1,454,15.9,167,135,22.9,33.8,0.9322,2,4,2004,12,1341,1176,748,1825,1347,High
548,548,548,02/04/2004 13:00,548,3.0,461,16.1,159,130,23.6,31.3,0.9001,2,4,2004,13,1297,1183,765,1773,1242,High
549,549,549,02/04/2004 14:00,549,2.7,391,14.7,152,126,24.7,30.5,0.9371,2,4,2004,14,1303,1139,790,1761,1138,High
550,550,550,02/04/2004 15:00,550,2.7,337,14.0,149,121,26.1,27.3,0.9101,2,4,2004,15,1281,1116,809,1703,1080,High
551,551,551,02/04/2004 16:00,551,2.6,297,13.6,143,122,27.6,22.8,0.8288,2,4,2004,16,1248,1103,872,1632,1002,High
552,552,552,02/04/2004 17:00,552,3.7,588,19.7,185,138,26.9,22.3,0.7792,2,4,2004,17,1382,1288,778,1799,1212,High
553,553,553,02/04/2004 18:00,553,4.5,721,23.3,223,165,24.3,30.1,0.9012,2,4,2004,18,1491,1385,685,1915,1486,High
554,554,554,02/04/2004 19:00,554,4.7,710,24.1,215,154,21.2,40.1,0.9978,2,4,2004,19,1620,1407,641,2052,1567,High
555,555,555,02/04/2004 20:00,555,5.5,787,25.4,271,168,19.4,42.5,0.9483,2,4,2004,20,1693,1439,618,2083,1723,Mid
556,556,556,02/04/2004 21:00,556,3.0,415,14.1,180,146,18.5,43.0,0.9074,2,4,2004,21,1374,1121,771,1685,1399,Mid
557,557,557,02/04/2004 22:00,557,1.9,245,10.1,115,124,17.8,47.0,0.9467,2,4,2004,22,1287,982,841,1582,1291,Mid
558,558,558,02/04/2004 23:00,558,2.3,294,12.1,149,124,16.8,53.2,1.01,2,4,2004,23,1408,1052,761,1684,1443,Mid
559,559,559,03/04/2004 0:00,559,1.6,139,9.0,98,106,17.1,51.8,0.999,3,4,2004,0,1254,941,828,1566,1270,Mid
560,560,560,03/04/2004 1:00,560,1.3,98,6.3,73,88,16.2,54.2,0.9933,3,4,2004,1,1141,827,936,1488,1110,Mid
561,561,561,03/04/2004 2:00,561,1.2,88,5.3,69,83,15.1,58.2,0.9886,3,4,2004,2,1141,777,986,1455,1060,Mid
563,563,563,03/04/2004 4:00,563,0.8,57,3.0,60,74,14.5,58.0,0.9488,3,4,2004,4,986,651,1145,1380,891,Mid
564,564,564,03/04/2004 5:00,564,0.8,57,3.3,56,64,13.7,61.6,0.9631,3,4,2004,5,1005,673,1103,1387,905,Mid
565,565,565,03/04/2004 6:00,565,0.9,60,3.5,73,69,13.9,59.6,0.9408,3,4,2004,6,1041,683,1112,1398,899,Mid
566,566,566,03/04/2004 7:00,566,2.0,200,9.5,159,91,13.3,61.7,0.9399,3,4,2004,7,1272,959,846,1660,1136,Mid
567,567,567,03/04/2004 8:00,567,3.0,451,15.2,203,96,15.1,55.8,0.9486,3,4,2004,8,1436,1154,704,1872,1391,Mid
568,568,568,03/04/2004 9:00,568,3.1,422,14.3,211,106,17.0,50.5,0.9684,3,4,2004,9,1472,1126,720,1816,1460,Mid
617,617,617,05/04/2004 10:00,617,3.1,424,14.3,236,124,15.6,57.4,1.0075,5,4,2004,10,1461,1127,703,1836,1451,Mid
618,618,618,05/04/2004 11:00,618,3.0,339,13.7,228,121,16.6,55.2,1.0382,5,4,2004,11,1430,1107,713,1853,1409,Mid
619,619,619,05/04/2004 12:00,619,3.2,445,15.7,206,114,17.0,54.3,1.0434,5,4,2004,12,1498,1171,684,1942,1434,Mid
620,620,620,05/04/2004 13:00,620,3.1,535,15.4,188,114,18.0,51.5,1.0552,5,4,2004,13,1454,1162,682,1915,1457,Mid
621,621,621,05/04/2004 14:00,621,2.5,278,12.6,158,106,19.5,47.5,1.0653,5,4,2004,14,1402,1069,733,1793,1325,Mid
622,622,622,05/04/2004 15:00,622,2.1,256,9.8,124,89,21.6,41.7,1.0606,5,4,2004,15,1327,971,803,1705,1120,High
623,623,623,05/04/2004 16:00,623,2.0,245,9.6,98,82,22.2,38.3,1.0106,5,4,2004,16,1273,963,832,1662,931,High
624,624,624,05/04/2004 17:00,624,3.2,458,16.3,160,111,20.3,42.8,1.0053,5,4,2004,17,1457,1190,678,1877,1212,High
625,625,625,05/04/2004 18:00,625,4.1,710,19.8,194,132,19.7,45.4,1.0312,5,4,2004,18,1543,1290,631,2011,1353,Mid
626,626,626,05/04/2004 19:00,626,3.9,678,18.0,174,121,18.8,47.5,1.0199,5,4,2004,19,1499,1239,651,1957,1359,Mid
627,627,627,05/04/2004 20:00,627,3.1,436,13.6,157,116,17.9,49.4,1.0064,5,4,2004,20,1378,1102,742,1796,1273,Mid
628,628,628,05/04/2004 21:00,628,2.0,178,8.7,109,100,17.5,50.9,1.009,5,4,2004,21,1243,928,852,1622,1079,Mid
629,629,629,05/04/2004 22:00,629,1.7,160,7.7,85,89,17.4,51.8,1.023,5,4,2004,22,1196,885,884,1589,973,Mid
630,630,630,05/04/2004 23:00,630,1.6,177,7.3,90,92,17.0,53.9,1.0363,5,4,2004,23,1137,869,890,1554,951,Mid
631,631,631,06/04/2004 0:00,631,1.0,101,4.1,61,71,16.6,55.4,1.0408,6,4,2004,0,1015,718,1065,1428,714,Mid
632,632,632,06/04/2004 1:00,632,0.8,66,2.7,36,51,15.9,57.0,1.0224,6,4,2004,1,978,635,1188,1382,579,Mid
633,633,633,06/04/2004 2:00,633,0.5,40,1.5,25,39,15.0,59.2,1.0059,6,4,2004,2,933,547,1357,1336,542,Mid
635,635,635,06/04/2004 4:00,635,0.5,39,1.8,24,35,14.1,61.6,0.9883,6,4,2004,4,908,569,1303,1360,526,Mid
636,636,636,06/04/2004 5:00,636,0.8,62,3.4,73,64,14.6,58.8,0.9711,6,4,2004,5,980,677,1141,1435,659,Mid
637,637,637,06/04/2004 6:00,637,1.7,120,8.5,164,94,14.4,58.9,0.9594,6,4,2004,6,1236,920,880,1641,1012,Mid
638,638,638,06/04/2004 7:00,638,4.5,599,24.1,329,134,15.3,55.2,0.9538,6,4,2004,7,1664,1407,594,2198,1564,Mid
639,639,639,06/04/2004 8:00,639,6.2,1084,33.7,302,129,16.2,52.5,0.9576,6,4,2004,8,1757,1636,494,2560,1806,Mid
640,640,640,06/04/2004 9:00,640,4.4,776,22.0,256,125,18.4,46.3,0.9734,6,4,2004,9,1524,1350,588,2096,1604,Mid
641,641,641,06/04/2004 10:00,641,2.9,470,14.1,182,107,19.6,41.8,0.9407,6,4,2004,10,1329,1119,707,1823,1288,Mid
642,642,642,06/04/2004 11:00,642,1.6,169,7.6,105,78,20.2,40.1,0.937,6,4,2004,11,1167,884,881,1580,931,High
643,643,643,06/04/2004 12:00,643,2.6,304,14.5,136,91,20.9,36.6,0.8939,6,4,2004,12,1369,1132,715,1818,1162,High
644,644,644,06/04/2004 13:00,644,2.9,405,13.6,167,116,20.4,34.7,0.8229,6,4,2004,13,1284,1103,755,1704,1064,High
645,645,645,06/04/2004 14:00,645,2.5,297,11.5,166,131,19.3,35.4,0.7813,6,4,2004,14,1221,1032,811,1630,913,Mid
646,646,646,06/04/2004 15:00,646,1.9,220,9.2,115,113,18.6,36.9,0.7829,6,4,2004,15,1096,947,872,1519,684,Mid
647,647,647,06/04/2004 16:00,647,1.9,226,10.3,109,98,18.8,36.8,0.7883,6,4,2004,16,1143,988,849,1590,710,Mid
648,648,648,06/04/2004 17:00,648,2.7,456,14.0,143,116,17.5,40.6,0.8068,6,4,2004,17,1251,1116,760,1716,923,Mid
649,649,649,06/04/2004 18:00,649,3.0,470,15.0,159,120,16.8,44.3,0.8428,6,4,2004,18,1268,1148,728,1776,1006,Mid
650,650,650,06/04/2004 19:00,650,3.3,503,15.1,181,126,16.3,47.7,0.8746,6,4,2004,19,1314,1150,726,1784,1083,Mid
651,651,651,06/04/2004 20:00,651,3.2,459,14.8,178,126,15.6,50.7,0.8947,6,4,2004,20,1315,1142,724,1807,1161,Mid
652,652,652,06/04/2004 21:00,652,1.8,227,8.5,91,90,15.7,49.4,0.8768,6,4,2004,21,1095,918,896,1527,800,Mid
653,653,653,06/04/2004 22:00,653,1.3,152,5.9,76,81,15.8,48.6,0.8653,6,4,2004,22,1027,808,996,1458,647,Mid
654,654,654,06/04/2004 23:00,654,1.1,94,4.8,66,74,15.7,47.0,0.8325,6,4,2004,23,1012,752,1053,1393,649,Mid
655,655,655,07/04/2004 0:00,655,0.9,93,4.0,56,67,15.7,45.9,0.8121,7,4,2004,0,948,710,1127,1352,575,Mid
656,656,656,07/04/2004 1:00,656,0.7,49,2.3,35,46,15.6,44.9,0.792,7,4,2004,1,889,603,1308,1271,455,Mid
657,657,657,07/04/2004 2:00,657,0.4,30,1.4,21,30,15.6,44.4,0.7827,7,4,2004,2,830,538,1475,1214,392,Mid
659,659,659,07/04/2004 4:00,659,0.3,30,0.7,12,19,15.7,45.4,0.8063,7,4,2004,4,804,468,1826,1166,320,Mid
660,660,660,07/04/2004 5:00,660,0.3,32,0.8,22,32,15.3,50.1,0.8617,7,4,2004,5,824,478,1705,1200,331,Mid
661,661,661,07/04/2004 6:00,661,0.8,59,3.6,55,61,14.2,58.6,0.9443,7,4,2004,6,1000,688,1257,1398,426,Mid
662,662,662,07/04/2004 7:00,662,2.8,277,12.9,152,111,14.3,58.2,0.9431,7,4,2004,7,1307,1082,777,1769,830,Mid
663,663,663,07/04/2004 8:00,663,3.1,454,15.7,153,102,15.0,52.0,0.8817,7,4,2004,8,1286,1171,716,1821,1006,Mid
664,664,664,07/04/2004 9:00,664,2.3,211,8.6,152,116,13.6,61.4,0.9519,7,4,2004,9,1150,925,865,1576,820,Mid
665,665,665,07/04/2004 10:00,665,1.6,196,7.4,112,96,16.1,53.1,0.9675,7,4,2004,10,1087,876,911,1554,737,Mid
666,666,666,07/04/2004 11:00,666,1.5,110,6.6,119,97,16.6,44.3,0.8294,7,4,2004,11,1016,839,991,1448,790,Mid
667,667,667,07/04/2004 12:00,667,1.6,164,7.8,122,110,17.4,40.3,0.7922,7,4,2004,12,1029,892,937,1474,760,Mid
668,668,668,07/04/2004 13:00,668,1.8,151,9.1,115,103,18.1,42.2,0.8679,7,4,2004,13,1109,943,883,1604,767,Mid
669,669,669,07/04/2004 14:00,669,1.4,112,6.1,84,79,14.4,51.8,0.8433,7,4,2004,14,997,817,1030,1426,626,Mid
670,670,670,07/04/2004 15:00,670,1.9,117,7.5,146,104,10.9,76.4,0.9953,7,4,2004,15,1177,880,927,1552,776,Mid
671,671,671,07/04/2004 16:00,671,1.2,120,5.9,65,69,16.4,47.7,0.8819,7,4,2004,16,1045,808,1038,1421,589,Mid
672,672,672,07/04/2004 17:00,672,2.3,251,12.7,120,96,18.0,37.1,0.7598,7,4,2004,17,1171,1073,847,1623,872,Mid
673,673,673,07/04/2004 18:00,673,3.3,435,13.5,185,121,14.7,48.7,0.8089,7,4,2004,18,1221,1101,799,1700,996,Mid
674,674,674,07/04/2004 19:00,674,3.1,345,14.5,157,129,11.3,71.3,0.9514,7,4,2004,19,1262,1133,774,1748,1033,Mid
675,675,675,07/04/2004 20:00,675,3.3,343,11.0,174,116,10.0,74.0,0.9087,7,4,2004,20,1207,1013,876,1632,982,Mid
676,676,676,07/04/2004 21:00,676,1.2,62,3.2,62,71,9.8,71.8,0.8702,7,4,2004,21,956,666,1235,1282,518,Low
677,677,677,07/04/2004 22:00,677,1.3,70,4.3,81,85,9.3,75.2,0.8796,7,4,2004,22,1020,727,1153,1391,631,Low
678,678,678,07/04/2004 23:00,678,1.9,114,7.1,118,101,9.6,76.0,0.9088,7,4,2004,23,1107,861,957,1510,879,Low
679,679,679,08/04/2004 0:00,679,1.4,88,4.8,95,97,9.3,75.0,0.8799,8,4,2004,0,1020,752,1074,1398,839,Low
680,680,680,08/04/2004 1:00,680,1.5,95,5.7,84,89,9.0,76.7,0.8825,8,4,2004,1,1051,798,1016,1455,876,Low
681,681,681,08/04/2004 2:00,681,1.1,83,4.1,56,72,8.2,79.6,0.8672,8,4,2004,2,965,716,1087,1383,827,Low
684,684,684,08/04/2004 5:00,684,0.8,68,2.8,69,62,8.1,72.1,0.7798,8,4,2004,5,869,642,1291,1288,723,Low
685,685,685,08/04/2004 6:00,685,1.1,59,4.8,74,64,8.1,70.4,0.7609,8,4,2004,6,939,754,1169,1384,797,Low
686,686,686,08/04/2004 7:00,686,2.6,226,13.8,161,80,8.1,70.5,0.7627,8,4,2004,7,1274,1109,820,1723,1138,Low
687,687,687,08/04/2004 8:00,687,5.1,802,27.1,308,118,9.9,64.3,0.7859,8,4,2004,8,1512,1482,596,2189,1605,Low
688,688,688,08/04/2004 9:00,688,4.2,585,19.1,300,130,13.0,54.2,0.809,8,4,2004,9,1435,1271,676,1885,1569,Mid
689,689,689,08/04/2004 10:00,689,2.6,324,11.7,189,113,16.5,42.6,0.7912,8,4,2004,10,1207,1041,813,1620,1319,Mid
690,690,690,08/04/2004 11:00,690,2.4,308,12.7,164,112,19.3,34.2,0.7566,8,4,2004,11,1223,1075,818,1678,1198,Mid
691,691,691,08/04/2004 12:00,691,2.1,238,11.3,122,96,21.5,27.4,0.6941,8,4,2004,12,1121,1026,865,1541,958,High
692,692,692,08/04/2004 13:00,692,2.6,301,14.2,166,125,20.4,26.7,0.6323,8,4,2004,13,1176,1123,816,1609,1068,High
693,693,693,08/04/2004 14:00,693,2.8,294,13.9,181,128,20.6,22.6,0.5432,8,4,2004,14,1144,1114,845,1551,1010,High
694,694,694,08/04/2004 15:00,694,2.5,353,13.2,127,101,20.6,24.8,0.5931,8,4,2004,15,1136,1089,856,1552,928,High
695,695,695,08/04/2004 16:00,695,1.9,209,10.7,106,95,21.0,25.4,0.6264,8,4,2004,16,1085,1004,888,1454,816,High
696,696,696,08/04/2004 17:00,696,3.6,538,19.7,192,138,21.5,24.5,0.6203,8,4,2004,17,1297,1287,723,1798,1216,High
697,697,697,08/04/2004 18:00,697,4.6,808,24.0,241,154,19.3,28.6,0.6357,8,4,2004,18,1408,1404,646,1972,1463,Mid
698,698,698,08/04/2004 19:00,698,6.3,974,29.1,326,171,18.0,32.9,0.6737,8,4,2004,19,1618,1530,579,2167,1791,Mid
699,699,699,08/04/2004 20:00,699,4.3,544,15.8,232,136,15.8,39.8,0.7096,8,4,2004,20,1319,1172,746,1699,1425,Mid
700,700,700,08/04/2004 21:00,700,1.6,138,7.0,92,93,15.3,41.5,0.7194,8,4,2004,21,1045,857,968,1410,922,Mid
701,701,701,08/04/2004 22:00,701,1.4,92,6.3,95,99,14.1,46.0,0.7363,8,4,2004,22,1058,824,993,1411,971,Mid
726,726,726,09/04/2004 23:00,726,2.3,169,8.4,157,95,12.0,67.9,0.9523,9,4,2004,23,1176,917,866,1560,1151,Mid
727,727,727,10/04/2004 0:00,727,1.3,77,5.4,83,79,12.0,66.9,0.9336,10,4,2004,0,1047,783,1014,1449,975,Mid
728,728,728,10/04/2004 1:00,728,1.7,98,6.9,118,78,11.5,70.1,0.9503,10,4,2004,1,1116,854,929,1533,1034,Mid
729,729,729,10/04/2004 2:00,729,1.7,102,6.4,101,75,11.4,69.8,0.939,10,4,2004,2,1074,832,951,1507,980,Mid
731,731,731,10/04/2004 4:00,731,0.8,69,3.3,46,52,10.8,70.3,0.9092,10,4,2004,4,898,669,1163,1386,807,Mid
732,732,732,10/04/2004 5:00,732,1.0,89,4.0,81,55,10.2,73.4,0.9129,10,4,2004,5,970,708,1121,1435,842,Mid
733,733,733,10/04/2004 6:00,733,1.4,134,6.0,112,65,10.8,70.5,0.9142,10,4,2004,6,1073,812,988,1500,950,Mid
734,734,734,10/04/2004 7:00,734,1.7,157,8.2,150,72,11.0,71.0,0.9279,10,4,2004,7,1081,906,895,1591,1024,Mid
735,735,735,10/04/2004 8:00,735,2.0,167,9.9,138,76,12.4,64.0,0.9206,10,4,2004,8,1159,976,837,1663,1098,Mid
736,736,736,10/04/2004 9:00,736,2.0,157,8.8,124,84,15.0,53.1,0.8993,10,4,2004,9,1112,931,869,1588,1011,Mid
737,737,737,10/04/2004 10:00,737,1.9,172,8.4,124,90,16.6,44.4,0.8313,10,4,2004,10,1112,917,897,1542,931,Mid
738,738,738,10/04/2004 11:00,738,2.1,114,7.5,115,89,18.0,38.4,0.7862,10,4,2004,11,1063,877,971,1481,811,Mid
739,739,739,10/04/2004 12:00,739,1.8,166,7.8,101,87,20.6,30.0,0.7213,10,4,2004,12,1032,892,973,1457,756,High
740,740,740,10/04/2004 13:00,740,1.5,94,6.4,90,88,19.9,26.7,0.6137,10,4,2004,13,936,829,1054,1336,607,Mid
741,741,741,10/04/2004 14:00,741,1.3,108,5.1,90,81,19.8,23.1,0.5283,10,4,2004,14,883,766,1152,1238,498,Mid
742,742,742,10/04/2004 15:00,742,1.4,98,6.9,89,89,21.4,22.7,0.5722,10,4,2004,15,942,852,1055,1318,540,High
743,743,743,10/04/2004 16:00,743,1.5,132,6.8,92,91,22.1,21.3,0.5605,10,4,2004,16,943,850,1084,1296,544,High
744,744,744,10/04/2004 17:00,744,1.7,144,7.4,103,104,21.1,24.5,0.604,10,4,2004,17,1007,875,1027,1357,620,High
745,745,745,10/04/2004 18:00,745,2.0,165,8.7,122,111,18.3,31.6,0.6562,10,4,2004,18,1037,927,949,1426,740,Mid
746,746,746,10/04/2004 19:00,746,2.5,210,11.2,159,129,16.1,35.0,0.6372,10,4,2004,19,1127,1022,871,1534,921,Mid
747,747,747,10/04/2004 20:00,747,2.4,277,10.5,172,133,14.8,41.5,0.6929,10,4,2004,20,1123,996,861,1551,1033,Mid
748,748,748,10/04/2004 21:00,748,2.0,168,8.2,125,115,13.2,50.3,0.7577,10,4,2004,21,1110,909,916,1487,984,Mid
749,749,749,10/04/2004 22:00,749,2.9,248,11.6,187,125,12.3,55.5,0.7916,10,4,2004,22,1247,1037,812,1618,1193,Mid
750,750,750,10/04/2004 23:00,750,2.5,235,9.7,174,117,11.8,56.6,0.7833,10,4,2004,23,1220,967,844,1545,1219,Mid
751,751,751,11/04/2004 0:00,751,1.4,84,5.1,75,84,11.2,56.2,0.7469,11,4,2004,0,1028,770,1047,1326,913,Mid
752,752,752,11/04/2004 1:00,752,1.2,75,4.0,48,63,11.0,56.6,0.7418,11,4,2004,1,978,711,1144,1304,750,Mid
753,753,753,11/04/2004 2:00,753,1.0,62,3.7,61,68,9.3,64.3,0.7531,11,4,2004,2,949,694,1160,1310,772,Low
756,756,756,11/04/2004 5:00,756,0.7,38,2.9,38,49,7.7,70.7,0.7463,11,4,2004,5,836,643,1244,1306,727,Low
757,757,757,11/04/2004 6:00,757,0.8,44,2.9,41,49,7.4,71.0,0.7346,11,4,2004,6,856,644,1259,1301,746,Low
758,758,758,11/04/2004 7:00,758,0.9,60,3.0,51,52,8.2,66.6,0.7283,11,4,2004,7,888,651,1240,1298,733,Low
759,759,759,11/04/2004 8:00,759,1.1,88,3.7,61,58,8.7,64.3,0.7267,11,4,2004,8,912,694,1196,1343,727,Low
760,760,760,11/04/2004 9:00,760,1.0,70,3.9,47,51,13.0,47.9,0.7116,11,4,2004,9,938,706,1177,1320,642,Mid
761,761,761,11/04/2004 10:00,761,1.6,94,6.2,87,77,17.4,35.4,0.699,11,4,2004,10,1053,823,1040,1386,810,Mid
762,762,762,11/04/2004 11:00,762,1.8,126,7.3,107,90,20.2,29.2,0.683,11,4,2004,11,1087,870,1014,1412,851,High
763,763,763,11/04/2004 12:00,763,2.6,181,9.2,161,118,22.7,22.9,0.6224,11,4,2004,12,1153,945,969,1425,911,High
764,764,764,11/04/2004 13:00,764,1.1,66,4.0,61,70,22.3,22.4,0.5955,11,4,2004,13,894,710,1209,1200,611,High
765,765,765,11/04/2004 14:00,765,0.6,54,2.3,26,35,22.2,18.9,0.4993,11,4,2004,14,797,606,1452,1076,368,High
766,766,766,11/04/2004 15:00,766,0.9,48,3.1,42,46,22.0,19.0,0.4969,11,4,2004,15,854,658,1409,1108,369,High
767,767,767,11/04/2004 16:00,767,1.0,66,3.2,55,58,21.0,23.6,0.5788,11,4,2004,16,892,665,1348,1150,394,High
768,768,768,11/04/2004 17:00,768,1.2,65,3.3,65,61,19.6,27.4,0.6162,11,4,2004,17,935,672,1299,1183,415,Mid
769,769,769,11/04/2004 18:00,769,1.4,68,4.0,75,80,17.9,30.8,0.6258,11,4,2004,18,989,709,1225,1233,469,Mid
770,770,770,11/04/2004 19:00,770,2.0,118,5.7,93,93,16.4,35.3,0.6532,11,4,2004,19,1063,797,1079,1285,607,Mid
771,771,771,11/04/2004 20:00,771,1.1,65,3.4,63,78,15.6,37.5,0.6575,11,4,2004,20,922,674,1220,1205,498,Mid
772,772,772,11/04/2004 21:00,772,1.1,63,3.5,60,76,15.5,36.7,0.6438,11,4,2004,21,925,680,1223,1217,481,Mid
773,773,773,11/04/2004 22:00,773,1.1,61,2.9,63,74,14.5,39.0,0.6428,11,4,2004,22,924,648,1272,1186,465,Mid
774,774,774,11/04/2004 23:00,774,1.1,63,3.1,66,81,14.2,38.2,0.6163,11,4,2004,23,914,661,1256,1187,478,Mid
775,775,775,12/04/2004 0:00,775,0.7,31,1.6,41,58,13.7,38.3,0.5957,12,4,2004,0,840,556,1474,1094,366,Mid
776,776,776,12/04/2004 1:00,776,0.6,29,1.1,42,59,14.1,34.0,0.5442,12,4,2004,1,799,514,1615,1036,332,Mid
777,777,777,12/04/2004 2:00,777,0.7,34,2.0,36,54,14.6,34.0,0.5605,12,4,2004,2,856,581,1448,1111,346,Mid
779,779,779,12/04/2004 4:00,779,0.3,9,0.7,16,25,13.9,30.9,0.4868,12,4,2004,4,753,462,1822,955,274,Mid
780,780,780,12/04/2004 5:00,780,0.3,14,0.5,16,26,13.5,37.9,0.5852,12,4,2004,5,785,448,1923,1003,263,Mid
781,781,781,12/04/2004 6:00,781,0.4,23,0.7,33,49,13.9,43.6,0.6871,12,4,2004,6,835,472,1756,1117,314,Mid
782,782,782,12/04/2004 7:00,782,0.5,36,0.9,39,53,13.5,50.1,0.7706,12,4,2004,7,865,494,1613,1185,367,Mid
783,783,783,12/04/2004 8:00,783,0.6,39,1.5,45,57,13.3,53.6,0.8169,12,4,2004,8,922,541,1453,1246,432,Mid
784,784,784,12/04/2004 9:00,784,0.8,38,2.2,63,73,13.4,56.0,0.8576,12,4,2004,9,975,598,1268,1293,536,Mid
785,785,785,12/04/2004 10:00,785,1.0,55,2.9,71,78,13.0,59.6,0.886,12,4,2004,10,1040,646,1210,1325,555,Mid
786,786,786,12/04/2004 11:00,786,1.3,75,3.9,104,93,12.7,62.7,0.9173,12,4,2004,11,1115,707,1105,1384,677,Mid
787,787,787,12/04/2004 12:00,787,1.1,64,2.8,85,71,12.1,60.5,0.8505,12,4,2004,12,1004,641,1201,1305,557,Mid
788,788,788,12/04/2004 13:00,788,0.6,39,1.4,53,56,11.2,64.4,0.8537,12,4,2004,13,895,536,1415,1229,421,Mid
789,789,789,12/04/2004 14:00,789,0.7,42,1.7,58,60,10.7,67.6,0.8703,12,4,2004,14,917,563,1415,1257,423,Mid
790,790,790,12/04/2004 15:00,790,1.2,78,3.6,89,77,11.4,61.2,0.8236,12,4,2004,15,1025,689,1189,1325,519,Mid
791,791,791,12/04/2004 16:00,791,1.4,69,3.1,96,82,9.9,70.5,0.8581,12,4,2004,16,1035,660,1222,1301,533,Low
792,792,792,12/04/2004 17:00,792,1.2,67,3.5,88,77,10.3,65.2,0.8151,12,4,2004,17,1025,682,1197,1313,537,Mid
793,793,793,12/04/2004 18:00,793,1.3,83,3.9,100,91,11.0,58.9,0.7714,12,4,2004,18,1040,705,1149,1324,612,Mid
794,794,794,12/04/2004 19:00,794,1.8,79,5.2,127,93,10.6,59.5,0.7595,12,4,2004,19,1070,776,1065,1369,697,Mid
795,795,795,12/04/2004 20:00,795,1.2,68,3.7,88,82,10.6,57.7,0.7362,12,4,2004,20,964,692,1176,1292,573,Mid
796,796,796,12/04/2004 21:00,796,0.8,56,2.7,66,74,10.6,56.1,0.7149,12,4,2004,21,904,635,1269,1233,489,Mid
797,797,797,12/04/2004 22:00,797,0.8,49,2.6,61,68,10.3,58.0,0.7239,12,4,2004,22,913,626,1271,1234,474,Mid
798,798,798,12/04/2004 23:00,798,0.8,56,2.4,54,65,10.4,58.4,0.7352,12,4,2004,23,914,610,1322,1230,455,Mid
799,799,799,13/04/2004 0:00,799,0.7,48,2.0,46,58,10.7,58.2,0.7459,13,4,2004,0,893,587,1368,1219,433,Mid
800,800,800,13/04/2004 1:00,800,0.5,27,1.3,25,36,10.5,59.9,0.7624,13,4,2004,1,844,532,1499,1176,376,Mid
801,801,801,13/04/2004 2:00,801,0.3,29,1.2,18,29,10.5,60.8,0.7704,13,4,2004,2,837,518,1581,1182,360,Mid
803,803,803,13/04/2004 4:00,803,0.3,47,0.9,21,28,11.1,60.1,0.7925,13,4,2004,4,825,489,1565,1171,363,Mid
804,804,804,13/04/2004 5:00,804,0.7,66,3.1,76,68,10.1,68.4,0.8443,13,4,2004,5,956,656,1251,1356,525,Mid
805,805,805,13/04/2004 6:00,805,1.6,163,6.9,149,99,10.0,68.7,0.8456,13,4,2004,6,1124,853,960,1531,873,Mid
806,806,806,13/04/2004 7:00,806,3.9,524,19.1,328,130,11.0,64.2,0.8398,13,4,2004,7,1496,1272,667,2011,1399,Mid
807,807,807,13/04/2004 8:00,807,4.5,657,22.1,282,128,12.0,58.1,0.8138,13,4,2004,8,1452,1354,620,2057,1501,Mid
808,808,808,13/04/2004 9:00,808,2.7,324,11.8,206,120,12.8,52.0,0.7643,13,4,2004,9,1172,1042,797,1641,1186,Mid
809,809,809,13/04/2004 10:00,809,1.6,144,7.3,133,93,12.6,50.8,0.7387,13,4,2004,10,1020,871,956,1426,911,Mid
810,810,810,13/04/2004 11:00,810,1.6,135,8.0,137,96,13.8,47.4,0.7435,13,4,2004,11,1044,900,934,1471,919,Mid
811,811,811,13/04/2004 12:00,811,1.6,140,7.2,116,84,15.1,42.7,0.7294,13,4,2004,12,1020,866,972,1429,791,Mid
812,812,812,13/04/2004 13:00,812,1.5,141,7.7,112,87,16.3,38.1,0.7006,13,4,2004,13,1009,885,994,1439,751,Mid
813,813,813,13/04/2004 14:00,813,1.8,181,9.7,128,87,16.6,36.7,0.6867,13,4,2004,14,1073,966,935,1537,805,Mid
814,814,814,13/04/2004 15:00,814,2.1,227,9.8,145,103,15.8,40.5,0.7241,13,4,2004,15,1098,971,877,1527,966,Mid
815,815,815,13/04/2004 16:00,815,1.7,149,7.7,110,88,16.3,41.8,0.7712,13,4,2004,16,1061,887,920,1462,869,Mid
816,816,816,13/04/2004 17:00,816,3.0,425,15.3,184,118,16.1,42.8,0.7783,13,4,2004,17,1289,1158,755,1791,1196,Mid
817,817,817,13/04/2004 18:00,817,4.6,669,21.5,243,134,15.3,46.8,0.8074,13,4,2004,18,1442,1337,630,2004,1523,Mid
818,818,818,13/04/2004 19:00,818,5.0,680,21.7,259,144,14.7,47.0,0.7815,13,4,2004,19,1479,1343,631,1995,1579,Mid
819,819,819,13/04/2004 20:00,819,3.5,446,14.6,205,129,14.1,49.6,0.7931,13,4,2004,20,1266,1138,726,1747,1370,Mid
820,820,820,13/04/2004 21:00,820,2.1,205,9.3,144,108,13.5,54.1,0.8351,13,4,2004,21,1149,952,845,1577,1204,Mid
821,821,821,13/04/2004 22:00,821,2.1,194,9.4,152,104,12.3,59.2,0.8461,13,4,2004,22,1168,954,843,1586,1201,Mid
822,822,822,13/04/2004 23:00,822,1.5,115,6.8,108,90,11.6,62.2,0.851,13,4,2004,23,1079,847,925,1463,1122,Mid
823,823,823,14/04/2004 0:00,823,1.1,74,4.9,64,74,11.5,61.4,0.8303,14,4,2004,0,1047,760,1032,1379,1003,Mid
824,824,824,14/04/2004 1:00,824,0.9,85,3.9,73,73,10.9,64.6,0.8395,14,4,2004,1,936,705,1086,1364,918,Mid
825,825,825,14/04/2004 2:00,825,0.7,66,2.7,47,60,11.1,63.2,0.8331,14,4,2004,2,900,635,1207,1307,836,Mid
828,828,828,14/04/2004 5:00,828,0.9,47,3.3,79,62,10.2,65.8,0.8196,14,4,2004,5,905,670,1191,1346,820,Mid
829,829,829,14/04/2004 6:00,829,1.6,116,7.4,113,71,10.3,65.6,0.8225,14,4,2004,6,1079,875,947,1535,998,Mid
830,830,830,14/04/2004 7:00,830,3.9,478,18.2,263,94,10.8,64.0,0.8307,14,4,2004,7,1417,1246,669,1921,1403,Mid
831,831,831,14/04/2004 8:00,831,5.0,836,27.7,275,99,13.3,55.6,0.8453,14,4,2004,8,1529,1497,569,2278,1641,Mid
832,832,832,14/04/2004 9:00,832,4.3,655,18.3,263,119,15.8,46.8,0.8328,14,4,2004,9,1397,1248,659,1906,1534,Mid
833,833,833,14/04/2004 10:00,833,2.7,312,12.3,183,103,19.5,34.4,0.7738,14,4,2004,10,1214,1061,780,1662,1257,Mid
834,834,834,14/04/2004 11:00,834,2.1,195,8.9,147,95,21.1,30.2,0.745,14,4,2004,11,1109,935,882,1518,1026,High
835,835,835,14/04/2004 12:00,835,2.1,238,10.4,132,95,18.4,34.2,0.7185,14,4,2004,12,1122,993,859,1571,993,Mid
856,856,856,15/04/2004 9:00,856,3.9,536,19.1,309,114,13.5,53.4,0.8196,15,4,2004,9,1489,1270,633,1889,1638,Mid
857,857,857,15/04/2004 10:00,857,3.8,481,17.3,327,127,15.0,49.3,0.8364,15,4,2004,10,1451,1219,661,1804,1633,Mid
858,858,858,15/04/2004 11:00,858,3.8,460,17.5,299,135,17.1,42.1,0.812,15,4,2004,11,1454,1225,661,1809,1654,Mid
859,859,859,15/04/2004 12:00,859,3.9,597,17.0,257,135,18.4,36.9,0.7758,15,4,2004,12,1392,1210,689,1792,1559,Mid
860,860,860,15/04/2004 13:00,860,3.5,465,17.0,195,120,19.3,35.4,0.7824,15,4,2004,13,1351,1210,709,1783,1374,Mid
861,861,861,15/04/2004 14:00,861,4.0,542,19.5,231,129,19.2,35.7,0.7826,15,4,2004,14,1418,1282,681,1890,1418,Mid
862,862,862,15/04/2004 15:00,862,3.0,437,14.8,170,114,21.5,30.4,0.7677,15,4,2004,15,1303,1143,748,1734,1228,High
863,863,863,15/04/2004 16:00,863,3.1,383,14.0,192,129,19.6,34.6,0.7807,15,4,2004,16,1292,1116,746,1676,1293,Mid
864,864,864,15/04/2004 17:00,864,5.2,778,24.4,251,149,19.6,35.5,0.8017,15,4,2004,17,1560,1413,594,2046,1642,Mid
865,865,865,15/04/2004 18:00,865,5.9,926,28.1,289,149,18.3,44.1,0.9183,15,4,2004,18,1765,1507,533,2271,1895,Mid
866,866,866,15/04/2004 19:00,866,7.3,1189,33.7,351,158,17.4,47.8,0.9392,15,4,2004,19,1875,1637,482,2446,2086,Mid
867,867,867,15/04/2004 20:00,867,6.1,824,24.2,319,148,16.8,49.8,0.9446,15,4,2004,20,1746,1409,553,2119,1898,Mid
868,868,868,15/04/2004 21:00,868,4.6,660,19.8,264,134,16.2,53.2,0.9723,15,4,2004,21,1607,1290,587,1960,1758,Mid
869,869,869,15/04/2004 22:00,869,2.5,203,9.3,144,111,14.9,59.1,0.9928,15,4,2004,22,1277,952,802,1607,1284,Mid
870,870,870,15/04/2004 23:00,870,2.2,136,7.3,119,106,13.9,64.0,1.013,15,4,2004,23,1207,868,877,1532,1075,Mid
871,871,871,16/04/2004 0:00,871,2.0,114,7.1,120,108,13.7,66.8,1.041,16,4,2004,0,1209,863,882,1547,1084,Mid
872,872,872,16/04/2004 1:00,872,1.9,110,6.7,96,93,13.4,69.6,1.0688,16,4,2004,1,1189,844,887,1566,1049,Mid
873,873,873,16/04/2004 2:00,873,1.6,127,6.0,77,83,12.8,71.9,1.0632,16,4,2004,2,1132,810,899,1532,1021,Mid
875,875,875,16/04/2004 4:00,875,1.0,70,3.6,63,69,11.9,74.8,1.038,16,4,2004,4,1033,686,1030,1420,948,Mid
876,876,876,16/04/2004 5:00,876,1.2,93,5.4,97,77,11.6,76.4,1.0415,16,4,2004,5,1075,782,941,1505,988,Mid
877,877,877,16/04/2004 6:00,877,2.0,179,10.0,180,87,11.7,75.3,1.0325,16,4,2004,6,1242,978,778,1686,1184,Mid
878,878,878,16/04/2004 7:00,878,4.5,523,23.2,352,109,12.8,71.0,1.0428,16,4,2004,7,1657,1384,579,2176,1600,Mid
879,879,879,16/04/2004 8:00,879,4.1,546,18.7,279,116,13.8,61.1,0.9595,16,4,2004,8,1406,1258,636,1890,1495,Mid
880,880,880,16/04/2004 9:00,880,2.6,251,9.9,186,105,15.3,51.4,0.8886,16,4,2004,9,1150,973,827,1590,1188,Mid
881,881,881,16/04/2004 10:00,881,2.3,222,10.2,169,106,16.6,48.7,0.9146,16,4,2004,10,1184,983,823,1604,1166,Mid
882,882,882,16/04/2004 11:00,882,2.6,212,11.0,172,108,17.6,46.7,0.9324,16,4,2004,11,1223,1014,781,1666,1219,Mid
883,883,883,16/04/2004 12:00,883,2.4,263,10.5,127,100,19.2,42.7,0.9425,16,4,2004,12,1196,997,802,1644,1128,Mid
884,884,884,16/04/2004 13:00,884,4.3,535,18.9,230,149,15.7,62.5,1.1092,16,4,2004,13,1559,1267,653,2047,1373,Mid
885,885,885,16/04/2004 14:00,885,4.6,609,18.9,280,148,14.5,75.7,1.2425,16,4,2004,14,1544,1266,613,2066,1415,Mid
886,886,886,16/04/2004 15:00,886,4.0,449,17.5,242,126,14.4,77.4,1.2654,16,4,2004,15,1485,1223,650,1980,1302,Mid
887,887,887,16/04/2004 16:00,887,4.7,536,17.7,250,140,14.6,74.9,1.2391,16,4,2004,16,1498,1230,649,1963,1308,Mid
888,888,888,16/04/2004 17:00,888,5.7,743,23.0,309,142,14.6,76.0,1.2573,16,4,2004,17,1593,1378,582,2159,1449,Mid
889,889,889,16/04/2004 18:00,889,5.2,575,20.4,270,141,14.0,76.3,1.2166,16,4,2004,18,1529,1309,627,2083,1385,Mid
890,890,890,16/04/2004 19:00,890,6.4,783,26.8,323,149,13.9,78.0,1.2303,16,4,2004,19,1689,1474,560,2298,1492,Mid
891,891,891,16/04/2004 20:00,891,6.0,706,19.9,307,140,13.8,78.0,1.2229,16,4,2004,20,1535,1295,627,2039,1380,Mid
892,892,892,16/04/2004 21:00,892,3.4,299,12.5,224,117,13.5,79.4,1.2224,16,4,2004,21,1304,1067,737,1811,1167,Mid
893,893,893,16/04/2004 22:00,893,2.7,159,9.6,166,103,13.1,80.1,1.2016,16,4,2004,22,1235,963,803,1680,1095,Mid
894,894,894,16/04/2004 23:00,894,3.1,171,10.0,171,99,12.8,81.0,1.1915,16,4,2004,23,1281,977,794,1695,1105,Mid
895,895,895,17/04/2004 0:00,895,2.6,162,8.1,169,100,12.7,80.6,1.1819,17,4,2004,0,1167,904,846,1627,1051,Mid
896,896,896,17/04/2004 1:00,896,2.2,111,7.1,120,88,12.5,81.8,1.1838,17,4,2004,1,1134,863,869,1599,1009,Mid
897,897,897,17/04/2004 2:00,897,1.9,134,6.4,103,83,12.7,81.2,1.1849,17,4,2004,2,1100,829,887,1565,972,Mid
1044,1044,1044,23/04/2004 5:00,1044,0.6,46,2.9,59,59,14.2,52.2,0.8413,23,4,2004,5,852,646,1186,1321,793,Mid
1045,1045,1045,23/04/2004 6:00,1045,0.8,56,4.9,72,67,14.3,55.4,0.9003,23,4,2004,6,923,757,1041,1418,906,Mid
1046,1046,1046,23/04/2004 7:00,1046,4.0,452,22.6,244,95,14.0,58.0,0.9202,23,4,2004,7,1490,1368,627,2119,1541,Mid
1047,1047,1047,23/04/2004 8:00,1047,5.6,880,31.1,351,123,15.4,53.3,0.9289,23,4,2004,8,1662,1576,523,2417,1861,Mid
1048,1048,1048,23/04/2004 9:00,1048,5.0,759,22.1,358,142,19.1,42.1,0.9233,23,4,2004,9,1553,1354,621,2030,1895,Mid
1049,1049,1049,23/04/2004 10:00,1049,3.2,394,18.3,245,142,23.7,31.0,0.8968,23,4,2004,10,1423,1247,706,1887,1684,High
1050,1050,1050,23/04/2004 11:00,1050,3.8,639,22.0,240,169,26.9,25.7,0.8942,23,4,2004,11,1458,1350,677,1947,1731,High
1051,1051,1051,23/04/2004 12:00,1051,3.3,541,20.1,179,142,29.7,20.6,0.8478,23,4,2004,12,1349,1299,728,1838,1402,High
1052,1052,1052,23/04/2004 13:00,1052,3.0,468,18.9,160,136,29.2,21.5,0.8573,23,4,2004,13,1326,1265,757,1835,1246,High
1053,1053,1053,23/04/2004 14:00,1053,3.2,483,20.6,174,147,29.6,20.1,0.8181,23,4,2004,14,1356,1312,729,1865,1342,High
1054,1054,1054,23/04/2004 15:00,1054,4.4,682,25.3,260,196,30.0,19.4,0.81,23,4,2004,15,1460,1438,680,1953,1489,High
1055,1055,1055,23/04/2004 16:00,1055,4.6,698,25.8,281,186,29.5,20.1,0.8136,23,4,2004,16,1497,1449,679,1985,1532,High
1056,1056,1056,23/04/2004 17:00,1056,5.2,832,30.6,284,177,27.0,26.8,0.9403,23,4,2004,17,1645,1566,599,2228,1909,High
1057,1057,1057,23/04/2004 18:00,1057,4.8,872,27.1,250,164,24.9,30.8,0.954,23,4,2004,18,1557,1483,615,2087,1757,High
1058,1058,1058,23/04/2004 19:00,1058,5.6,899,32.5,281,161,23.1,36.7,1.0244,23,4,2004,19,1747,1608,557,2335,1983,High
1059,1059,1059,23/04/2004 20:00,1059,4.6,692,20.8,230,146,21.5,40.8,1.0333,23,4,2004,20,1482,1319,660,1975,1703,High
1060,1060,1060,23/04/2004 21:00,1060,1.8,145,10.9,98,98,20.5,41.5,0.9864,23,4,2004,21,1211,1010,816,1619,1246,High
1061,1061,1061,23/04/2004 22:00,1061,2.2,208,13.0,121,108,19.2,44.9,0.9875,23,4,2004,22,1294,1083,770,1687,1321,Mid
1062,1062,1062,23/04/2004 23:00,1062,2.0,204,11.8,110,107,18.8,47.7,1.0221,23,4,2004,23,1300,1043,777,1659,1375,Mid
1063,1063,1063,24/04/2004 0:00,1063,2.8,240,13.4,161,113,18.2,49.7,1.0284,24,4,2004,0,1402,1098,736,1729,1456,Mid
1064,1064,1064,24/04/2004 1:00,1064,2.6,251,13.4,148,100,16.1,57.4,1.0451,24,4,2004,1,1349,1097,707,1763,1442,Mid
1065,1065,1065,24/04/2004 2:00,1065,1.8,173,9.0,109,87,16.3,55.3,1.0178,24,4,2004,2,1161,938,827,1597,1243,Mid
1068,1068,1068,24/04/2004 5:00,1068,0.7,65,3.7,71,65,14.8,57.7,0.9644,24,4,2004,5,933,697,1045,1403,937,Mid
1069,1069,1069,24/04/2004 6:00,1069,0.9,119,5.7,75,64,14.0,59.7,0.9499,24,4,2004,6,1021,800,931,1483,1019,Mid
1070,1070,1070,24/04/2004 7:00,1070,1.5,151,10.0,106,73,14.6,56.8,0.9385,24,4,2004,7,1134,979,794,1639,1140,Mid
1071,1071,1071,24/04/2004 8:00,1071,2.5,305,15.0,166,86,16.7,51.9,0.9788,24,4,2004,8,1311,1147,681,1838,1351,Mid
1072,1072,1072,24/04/2004 9:00,1072,3.0,415,15.6,188,105,20.0,45.0,1.039,24,4,2004,9,1409,1169,685,1874,1459,High
1073,1073,1073,24/04/2004 10:00,1073,2.6,321,12.3,161,107,23.9,33.7,0.9837,24,4,2004,10,1301,1059,787,1727,1297,High
1074,1074,1074,24/04/2004 11:00,1074,2.6,358,14.4,139,114,26.8,29.5,1.0209,24,4,2004,11,1354,1130,765,1808,1291,High
1075,1075,1075,24/04/2004 12:00,1075,2.6,350,14.6,134,105,27.2,32.4,1.1493,24,4,2004,12,1391,1136,738,1840,1296,High
1076,1076,1076,24/04/2004 13:00,1076,1.9,238,8.7,84,74,26.9,32.1,1.1217,24,4,2004,13,1200,929,879,1623,972,High
1077,1077,1077,24/04/2004 14:00,1077,2.0,215,11.0,98,95,24.3,41.8,1.2561,24,4,2004,14,1338,1016,798,1766,1194,High
1078,1078,1078,24/04/2004 15:00,1078,1.7,192,9.0,91,89,25.6,36.0,1.1629,24,4,2004,15,1223,938,884,1610,880,High
1079,1079,1079,24/04/2004 16:00,1079,1.9,205,10.7,99,95,27.0,31.8,1.1176,24,4,2004,16,1278,1003,845,1691,909,High
1080,1080,1080,24/04/2004 17:00,1080,1.8,165,9.9,90,93,27.5,31.6,1.1417,24,4,2004,17,1257,973,860,1634,839,High
1081,1081,1081,24/04/2004 18:00,1081,2.8,283,15.7,147,123,24.9,38.1,1.1838,24,4,2004,18,1497,1171,725,1899,1248,High
1082,1082,1082,24/04/2004 19:00,1082,3.5,467,19.4,177,134,23.4,39.7,1.1276,24,4,2004,19,1567,1280,661,1970,1476,High
1083,1083,1083,24/04/2004 20:00,1083,3.4,485,16.8,162,126,21.2,50.8,1.2631,24,4,2004,20,1503,1203,651,1863,1502,High
1084,1084,1084,24/04/2004 21:00,1084,2.0,202,6.8,88,79,15.6,73.5,1.2953,24,4,2004,21,1169,850,906,1584,873,Mid
1085,1085,1085,24/04/2004 22:00,1085,1.1,64,3.0,53,54,12.9,79.7,1.1774,24,4,2004,22,1007,650,1157,1404,528,Mid
1086,1086,1086,24/04/2004 23:00,1086,1.3,71,3.2,68,69,11.5,76.9,1.0436,24,4,2004,23,1004,667,1157,1365,492,Mid
1087,1087,1087,25/04/2004 0:00,1087,1.2,84,3.1,61,67,12.2,66.8,0.9455,25,4,2004,0,967,661,1181,1321,463,Mid
1088,1088,1088,25/04/2004 1:00,1088,1.3,70,3.9,71,73,12.4,64.1,0.9209,25,4,2004,1,984,707,1131,1359,494,Mid
1089,1089,1089,25/04/2004 2:00,1089,1.0,61,3.6,63,73,12.7,58.7,0.8605,25,4,2004,2,931,689,1161,1317,503,Mid
1092,1092,1092,25/04/2004 5:00,1092,0.3,20,0.7,14,20,12.5,50.9,0.7346,25,4,2004,5,763,471,1783,1098,305,Mid
1093,1093,1093,25/04/2004 6:00,1093,0.5,31,1.1,34,37,12.8,49.3,0.7285,25,4,2004,6,804,505,1718,1148,329,Mid
1094,1094,1094,25/04/2004 7:00,1094,0.6,41,1.4,42,50,13.5,48.6,0.7487,25,4,2004,7,830,535,1496,1184,375,Mid
1095,1095,1095,25/04/2004 8:00,1095,0.6,40,1.6,40,45,14.4,45.9,0.7476,25,4,2004,8,833,553,1476,1180,373,Mid
1096,1096,1096,25/04/2004 9:00,1096,0.8,35,2.3,48,48,15.1,43.9,0.7487,25,4,2004,9,875,603,1370,1206,385,Mid
1097,1097,1097,25/04/2004 10:00,1097,1.0,44,2.5,61,56,16.6,38.6,0.7236,25,4,2004,10,882,621,1346,1216,403,Mid
1098,1098,1098,25/04/2004 11:00,1098,0.9,71,2.7,58,58,17.2,35.0,0.6789,25,4,2004,11,862,635,1320,1193,393,Mid
1099,1099,1099,25/04/2004 12:00,1099,1.0,66,2.7,57,52,17.4,33.9,0.6683,25,4,2004,12,863,636,1290,1185,388,Mid
1100,1100,1100,25/04/2004 13:00,1100,0.8,46,2.2,54,52,17.9,30.7,0.6234,25,4,2004,13,830,596,1389,1145,371,Mid
1101,1101,1101,25/04/2004 14:00,1101,0.7,50,2.0,41,44,18.3,27.2,0.5675,25,4,2004,14,807,584,1488,1104,347,Mid
1102,1102,1102,25/04/2004 15:00,1102,0.9,51,3.4,57,59,19.4,25.7,0.5738,25,4,2004,15,873,675,1343,1181,396,Mid
1103,1103,1103,25/04/2004 16:00,1103,1.3,64,4.5,83,74,20.2,24.1,0.563,25,4,2004,16,931,739,1274,1219,474,High
1104,1104,1104,25/04/2004 17:00,1104,1.4,138,4.7,81,76,19.6,24.9,0.5625,25,4,2004,17,918,748,1228,1219,505,Mid
1105,1105,1105,25/04/2004 18:00,1105,1.5,137,6.0,98,83,18.5,27.8,0.5843,25,4,2004,18,1001,811,1122,1344,625,Mid
1106,1106,1106,25/04/2004 19:00,1106,2.7,303,11.7,124,100,17.8,30.3,0.6129,25,4,2004,19,1169,1039,883,1550,941,Mid
1107,1107,1107,25/04/2004 20:00,1107,2.5,204,8.2,133,101,16.6,34.0,0.6353,25,4,2004,20,1085,907,976,1419,893,Mid
1108,1108,1108,25/04/2004 21:00,1108,1.4,95,5.1,100,90,15.5,37.0,0.6447,25,4,2004,21,940,769,1103,1310,731,Mid
1109,1109,1109,25/04/2004 22:00,1109,2.8,347,13.0,116,93,14.8,39.5,0.6595,25,4,2004,22,1126,1083,875,1654,955,Mid
1110,1110,1110,25/04/2004 23:00,1110,2.1,252,7.0,102,79,14.5,42.0,0.6896,25,4,2004,23,978,858,1013,1379,761,Mid
1111,1111,1111,26/04/2004 0:00,1111,1.1,66,3.9,55,57,14.1,44.9,0.7206,26,4,2004,0,893,703,1192,1283,515,Mid
1112,1112,1112,26/04/2004 1:00,1112,0.7,45,2.2,33,43,14.2,45.5,0.7333,26,4,2004,1,838,601,1361,1220,434,Mid
1113,1113,1113,26/04/2004 2:00,1113,0.4,36,1.3,17,25,14.1,45.3,0.7247,26,4,2004,2,803,527,1513,1152,369,Mid
1116,1116,1116,26/04/2004 5:00,1116,0.4,21,1.2,35,44,13.9,43.9,0.6923,26,4,2004,5,809,521,1575,1158,378,Mid
1117,1117,1117,26/04/2004 6:00,1117,0.8,60,3.4,70,72,14.0,43.8,0.6959,26,4,2004,6,898,676,1271,1307,517,Mid
1118,1118,1118,26/04/2004 7:00,1118,1.9,155,7.5,116,91,14.4,43.6,0.7113,26,4,2004,7,1053,880,982,1464,786,Mid
1119,1119,1119,26/04/2004 8:00,1119,2.1,235,8.9,134,89,15.0,41.7,0.7093,26,4,2004,8,1033,934,917,1490,844,Mid
1120,1120,1120,26/04/2004 9:00,1120,1.4,89,5.3,113,84,16.3,38.4,0.7052,26,4,2004,9,941,780,1080,1343,720,Mid
1121,1121,1121,26/04/2004 10:00,1121,1.4,76,5.4,110,83,18.3,32.3,0.676,26,4,2004,10,941,782,1102,1328,668,Mid
1122,1122,1122,26/04/2004 11:00,1122,1.3,101,5.2,98,78,18.8,31.7,0.6821,26,4,2004,11,917,772,1098,1311,605,Mid
1123,1123,1123,26/04/2004 12:00,1123,1.5,109,6.6,96,80,19.6,30.9,0.6968,26,4,2004,12,977,837,1038,1413,646,Mid
1124,1124,1124,26/04/2004 13:00,1124,1.6,143,6.9,95,75,20.2,30.7,0.7176,26,4,2004,13,994,851,1018,1436,640,High
1125,1125,1125,26/04/2004 14:00,1125,1.3,104,5.4,86,77,19.7,32.5,0.7396,26,4,2004,14,942,785,1065,1365,571,Mid
1126,1126,1126,26/04/2004 15:00,1126,1.4,107,6.0,86,77,20.7,31.6,0.7602,26,4,2004,15,981,810,1060,1395,605,High
1127,1127,1127,26/04/2004 16:00,1127,1.5,133,6.4,91,81,20.0,32.7,0.7545,26,4,2004,16,984,832,1034,1410,636,High
1128,1128,1128,26/04/2004 17:00,1128,2.2,171,10.7,119,101,18.6,35.4,0.7535,26,4,2004,17,1116,1003,864,1625,886,Mid
1129,1129,1129,26/04/2004 18:00,1129,3.2,405,13.9,147,119,18.3,35.9,0.7501,26,4,2004,18,1181,1114,787,1685,1032,Mid
1130,1130,1130,26/04/2004 19:00,1130,3.0,334,12.5,135,111,17.8,37.5,0.7568,26,4,2004,19,1163,1068,811,1616,977,Mid
1131,1131,1131,26/04/2004 20:00,1131,2.6,236,9.3,124,109,17.3,38.8,0.7584,26,4,2004,20,1081,950,907,1496,924,Mid
1132,1132,1132,26/04/2004 21:00,1132,1.6,99,6.7,89,101,17.3,38.8,0.7596,26,4,2004,21,1017,842,1000,1441,846,Mid
1133,1133,1133,26/04/2004 22:00,1133,1.5,93,5.3,79,89,16.4,40.8,0.7542,26,4,2004,22,966,778,1057,1359,755,Mid
1134,1134,1134,26/04/2004 23:00,1134,1.2,82,4.0,63,75,16.0,41.4,0.7487,26,4,2004,23,924,709,1158,1318,610,Mid
1135,1135,1135,27/04/2004 0:00,1135,0.8,51,2.2,39,51,15.4,43.0,0.7482,27,4,2004,0,861,601,1351,1225,439,Mid
1136,1136,1136,27/04/2004 1:00,1136,0.7,41,1.7,25,39,15.7,42.5,0.7539,27,4,2004,1,826,560,1424,1197,402,Mid
1137,1137,1137,27/04/2004 2:00,1137,0.5,31,1.6,19,32,15.6,43.4,0.7651,27,4,2004,2,846,557,1385,1212,406,Mid
1140,1140,1140,27/04/2004 5:00,1140,0.7,38,3.3,58,68,15.5,47.3,0.8282,27,4,2004,5,930,670,1143,1339,746,Mid
1141,1141,1141,27/04/2004 6:00,1141,1.4,111,8.9,112,76,14.4,53.1,0.8677,27,4,2004,6,1120,935,843,1593,1126,Mid
1142,1142,1142,27/04/2004 7:00,1142,4.1,584,23.4,314,122,15.9,48.5,0.8704,27,4,2004,7,1518,1389,589,2101,1703,Mid
1143,1143,1143,27/04/2004 8:00,1143,4.6,633,23.8,240,129,18.1,40.3,0.8294,27,4,2004,8,1461,1398,630,2050,1628,Mid
1144,1144,1144,27/04/2004 9:00,1144,1.9,145,7.9,128,94,19.6,35.9,0.81,27,4,2004,9,1075,896,938,1487,936,Mid
1145,1145,1145,27/04/2004 10:00,1145,1.9,155,8.2,141,99,22.8,29.1,0.796,27,4,2004,10,1061,908,968,1455,890,High
1146,1146,1146,27/04/2004 11:00,1146,1.7,128,8.8,118,81,24.8,25.3,0.7793,27,4,2004,11,1066,931,979,1474,757,High
1147,1147,1147,27/04/2004 12:00,1147,2.4,255,14.6,132,87,27.2,22.0,0.7785,27,4,2004,12,1179,1137,829,1651,949,High
1148,1148,1148,27/04/2004 13:00,1148,3.0,411,18.0,150,107,28.2,20.4,0.7677,27,4,2004,13,1251,1238,773,1779,1109,High
1149,1149,1149,27/04/2004 14:00,1149,2.0,173,12.0,121,95,25.4,24.2,0.7733,27,4,2004,14,1120,1048,898,1560,870,High
1150,1150,1150,27/04/2004 15:00,1150,2.7,277,14.8,149,110,25.7,23.8,0.7737,27,4,2004,15,1187,1142,840,1651,1011,High
1151,1151,1151,27/04/2004 16:00,1151,2.2,259,12.5,120,99,27.2,22.1,0.7811,27,4,2004,16,1145,1066,903,1592,885,High
1152,1152,1152,27/04/2004 17:00,1152,2.9,274,15.5,155,113,27.0,22.3,0.786,27,4,2004,17,1215,1164,817,1689,1015,High
1153,1153,1153,27/04/2004 18:00,1153,3.4,377,17.7,172,127,24.5,27.8,0.8433,27,4,2004,18,1317,1231,766,1798,1155,High
1154,1154,1154,27/04/2004 19:00,1154,3.9,457,21.6,177,131,23.7,30.2,0.8718,27,4,2004,19,1388,1341,702,1955,1315,High
1155,1155,1155,27/04/2004 20:00,1155,3.6,555,18.9,181,137,21.5,34.5,0.8746,27,4,2004,20,1295,1266,716,1849,1359,High
1156,1156,1156,27/04/2004 21:00,1156,2.5,279,12.5,135,122,19.9,37.8,0.8675,27,4,2004,21,1153,1066,811,1651,1194,Mid
1157,1157,1157,27/04/2004 22:00,1157,1.8,137,8.8,99,100,18.9,40.6,0.8771,27,4,2004,22,1078,932,905,1511,951,Mid
1158,1158,1158,27/04/2004 23:00,1158,2.0,203,10.9,111,108,17.9,43.5,0.884,27,4,2004,23,1133,1012,806,1608,1054,Mid
1159,1159,1159,28/04/2004 0:00,1159,1.3,101,8.0,72,83,17.4,46.3,0.9112,28,4,2004,0,1055,899,880,1504,980,Mid
1160,1160,1160,28/04/2004 1:00,1160,1.0,86,4.4,54,74,18.1,44.7,0.9186,28,4,2004,1,953,735,999,1396,898,Mid
1161,1161,1161,28/04/2004 2:00,1161,0.6,51,2.8,41,64,16.5,50.1,0.9331,28,4,2004,2,892,639,1139,1359,803,Mid
1164,1164,1164,28/04/2004 5:00,1164,0.5,33,2.5,29,39,16.3,52.8,0.9722,28,4,2004,5,856,619,1191,1345,677,Mid
1165,1165,1165,28/04/2004 6:00,1165,1.1,95,7.5,76,69,13.9,60.7,0.9597,28,4,2004,6,1030,880,892,1539,996,Mid
1166,1166,1166,28/04/2004 7:00,1166,5.5,754,30.4,321,104,15.0,58.3,0.9876,28,4,2004,7,1689,1560,529,2396,1736,Mid
1167,1167,1167,28/04/2004 8:00,1167,4.2,588,22.0,274,100,16.1,54.8,0.996,28,4,2004,8,1486,1351,571,2112,1692,Mid
1168,1168,1168,28/04/2004 9:00,1168,4.6,658,24.7,322,146,19.3,46.4,1.0248,28,4,2004,9,1592,1423,577,2155,2108,Mid
1169,1169,1169,28/04/2004 10:00,1169,3.4,372,18.4,255,155,24.2,33.8,1.0097,28,4,2004,10,1469,1252,692,1903,1807,High
1170,1170,1170,28/04/2004 11:00,1170,2.8,386,16.8,196,139,26.7,28.7,0.9895,28,4,2004,11,1364,1205,723,1850,1566,High
1171,1171,1171,28/04/2004 12:00,1171,2.5,333,14.2,136,121,27.4,28.2,1.0098,28,4,2004,12,1285,1123,755,1741,1293,High
1172,1172,1172,28/04/2004 13:00,1172,2.4,293,15.7,119,108,28.1,26.9,1.0094,28,4,2004,13,1311,1170,748,1787,1219,High
1173,1173,1173,28/04/2004 14:00,1173,3.2,511,21.9,169,126,27.7,26.5,0.9693,28,4,2004,14,1416,1348,684,1969,1330,High
1174,1174,1174,28/04/2004 15:00,1174,3.5,559,20.8,197,145,28.4,23.4,0.8935,28,4,2004,15,1387,1318,701,1890,1299,High
1175,1175,1175,28/04/2004 16:00,1175,2.9,375,16.2,140,121,28.4,26.0,0.9922,28,4,2004,16,1329,1185,768,1750,1111,High
1176,1176,1176,28/04/2004 17:00,1176,3.6,509,19.8,178,145,27.3,30.0,1.0752,28,4,2004,17,1496,1292,680,1878,1300,High
1177,1177,1177,28/04/2004 18:00,1177,4.8,790,28.9,223,160,24.3,37.3,1.1199,28,4,2004,18,1676,1525,567,2226,1653,High
1178,1178,1178,28/04/2004 19:00,1178,5.4,816,28.3,222,155,23.1,42.2,1.1746,28,4,2004,19,1724,1510,562,2252,1716,High
1179,1179,1179,28/04/2004 20:00,1179,5.3,804,24.9,265,162,21.8,43.6,1.1226,28,4,2004,20,1642,1426,597,2117,1720,High
1180,1180,1180,28/04/2004 21:00,1180,2.7,332,13.1,151,129,19.8,46.8,1.0702,28,4,2004,21,1267,1088,764,1740,1339,Mid
1181,1181,1181,28/04/2004 22:00,1181,1.4,156,8.6,79,96,19.6,49.8,1.1221,28,4,2004,22,1146,923,845,1575,1166,Mid
1182,1182,1182,28/04/2004 23:00,1182,1.6,143,9.5,87,92,17.9,56.2,1.142,28,4,2004,23,1216,960,788,1662,1256,Mid
1183,1183,1183,29/04/2004 0:00,1183,1.5,117,7.8,88,89,17.4,55.6,1.0963,29,4,2004,0,1128,891,838,1574,1125,Mid
1184,1184,1184,29/04/2004 1:00,1184,1.0,84,5.2,51,61,16.8,59.5,1.1269,29,4,2004,1,1042,772,923,1495,968,Mid
1185,1185,1185,29/04/2004 2:00,1185,0.6,60,2.8,34,54,15.9,60.1,1.0806,29,4,2004,2,926,639,1115,1409,814,Mid
1188,1188,1188,29/04/2004 5:00,1188,0.8,64,4.4,76,57,13.3,67.0,1.0203,29,4,2004,5,959,734,1038,1470,861,Mid
1189,1189,1189,29/04/2004 6:00,1189,1.5,148,9.4,139,68,12.9,66.5,0.9846,29,4,2004,6,1097,956,827,1620,1047,Mid
1190,1190,1190,29/04/2004 7:00,1190,4.9,635,29.8,293,95,14.8,61.3,1.0237,29,4,2004,7,1674,1547,539,2405,1665,Mid
1191,1191,1191,29/04/2004 8:00,1191,7.2,1129,36.2,368,125,16.1,56.5,1.0274,29,4,2004,8,1771,1690,461,2572,1982,Mid
1192,1192,1192,29/04/2004 9:00,1192,3.5,475,18.0,250,135,18.6,47.8,1.0143,29,4,2004,9,1408,1241,648,1886,1711,Mid
1193,1193,1193,29/04/2004 10:00,1193,2.1,220,10.9,145,118,23.8,30.2,0.8771,29,4,2004,10,1156,1009,875,1583,1204,High
1194,1194,1194,29/04/2004 11:00,1194,1.5,105,9.0,110,91,25.4,25.0,0.7966,29,4,2004,11,1042,941,971,1491,871,High
1195,1195,1195,29/04/2004 12:00,1195,2.0,190,14.4,104,89,25.6,25.5,0.8234,29,4,2004,12,1167,1128,829,1716,1040,High
1196,1196,1196,29/04/2004 13:00,1196,3.8,516,22.3,205,129,24.9,29.9,0.9325,29,4,2004,13,1398,1360,656,2037,1439,High
1197,1197,1197,29/04/2004 14:00,1197,3.4,346,20.9,201,122,22.4,37.9,1.016,29,4,2004,14,1458,1321,654,2023,1516,High
1198,1198,1198,29/04/2004 15:00,1198,4.4,565,23.1,266,138,21.7,44.0,1.1242,29,4,2004,15,1554,1379,614,2151,1693,High
1199,1199,1199,29/04/2004 16:00,1199,3.9,483,21.2,246,136,21.4,44.4,1.1176,29,4,2004,16,1495,1331,615,2069,1635,High
1200,1200,1200,29/04/2004 17:00,1200,4.9,651,24.8,247,143,20.8,45.3,1.1016,29,4,2004,17,1560,1424,579,2176,1688,High
1201,1201,1201,29/04/2004 18:00,1201,5.4,657,28.6,271,145,20.2,48.6,1.1354,29,4,2004,18,1664,1519,553,2312,1820,High
1202,1202,1202,29/04/2004 19:00,1202,6.5,830,32.6,332,146,20.2,50.8,1.1924,29,4,2004,19,1761,1610,502,2488,2006,High
1203,1203,1203,29/04/2004 20:00,1203,4.3,435,19.2,245,122,18.6,57.6,1.2233,29,4,2004,20,1524,1275,608,2046,1740,Mid
1204,1204,1204,29/04/2004 21:00,1204,2.9,209,16.3,180,112,18.2,58.8,1.2173,29,4,2004,21,1398,1189,646,1931,1577,Mid
1205,1205,1205,29/04/2004 22:00,1205,2.7,202,13.7,156,102,17.8,61.0,1.2352,29,4,2004,22,1342,1106,694,1856,1443,Mid
1206,1206,1206,29/04/2004 23:00,1206,2.8,174,13.6,172,97,17.0,70.7,1.3554,29,4,2004,23,1433,1104,681,1876,1411,Mid
1207,1207,1207,30/04/2004 0:00,1207,2.3,170,11.1,137,85,16.2,76.9,1.4051,30,4,2004,0,1297,1019,733,1823,1217,Mid
1208,1208,1208,30/04/2004 1:00,1208,1.7,116,7.6,91,76,15.7,78.6,1.3943,30,4,2004,1,1179,884,830,1696,1086,Mid
1209,1209,1209,30/04/2004 2:00,1209,1.2,91,5.9,80,74,15.7,78.4,1.3917,30,4,2004,2,1097,809,897,1628,1050,Mid
1212,1212,1212,30/04/2004 5:00,1212,0.8,48,4.5,68,66,15.7,74.7,1.3194,30,4,2004,5,1005,738,1005,1563,917,Mid
1213,1213,1213,30/04/2004 6:00,1213,1.7,111,9.3,162,90,15.9,73.1,1.3136,30,4,2004,6,1206,949,818,1771,1116,Mid
1214,1214,1214,30/04/2004 7:00,1214,3.0,345,18.3,213,111,16.6,68.2,1.2737,30,4,2004,7,1458,1249,662,2033,1380,Mid
1215,1215,1215,30/04/2004 8:00,1215,3.4,332,19.9,161,103,18.7,57.6,1.2323,30,4,2004,8,1405,1295,638,2065,1378,Mid
1216,1216,1216,30/04/2004 9:00,1216,3.3,344,16.6,209,117,17.6,65.0,1.2945,30,4,2004,9,1381,1199,685,1970,1365,Mid
1217,1217,1217,30/04/2004 10:00,1217,2.7,212,12.6,191,116,16.3,73.2,1.3458,30,4,2004,10,1315,1072,736,1833,1273,Mid
1218,1218,1218,30/04/2004 11:00,1218,2.6,166,12.9,215,109,16.0,78.5,1.4209,30,4,2004,11,1332,1082,707,1889,1242,Mid
1219,1219,1219,30/04/2004 12:00,1219,3.2,214,14.9,212,116,17.3,72.4,1.4125,30,4,2004,12,1362,1145,673,1973,1294,Mid
1220,1220,1220,30/04/2004 13:00,1220,3.4,377,17.4,202,115,19.4,60.9,1.3545,30,4,2004,13,1399,1222,643,2061,1413,Mid
1221,1221,1221,30/04/2004 14:00,1221,2.6,210,15.4,153,94,21.4,50.9,1.2823,30,4,2004,14,1310,1160,695,1939,1224,High
1222,1222,1222,30/04/2004 15:00,1222,3.4,265,16.7,185,121,22.7,45.8,1.2465,30,4,2004,15,1399,1201,699,1971,1318,High
1223,1223,1223,30/04/2004 16:00,1223,4.0,365,18.0,210,114,20.9,60.8,1.4852,30,4,2004,16,1524,1239,644,2139,1404,High
1224,1224,1224,30/04/2004 17:00,1224,4.5,454,19.2,215,110,21.0,54.3,1.3353,30,4,2004,17,1487,1274,641,2133,1471,High
1225,1225,1225,30/04/2004 18:00,1225,4.2,460,21.0,215,122,20.8,54.4,1.3194,30,4,2004,18,1480,1324,622,2162,1623,High
1226,1226,1226,30/04/2004 19:00,1226,5.7,642,26.9,281,135,19.8,58.6,1.3392,30,4,2004,19,1626,1476,555,2356,1786,Mid
1227,1227,1227,30/04/2004 20:00,1227,4.4,501,19.5,254,133,19.1,61.1,1.3345,30,4,2004,20,1449,1282,625,2100,1569,Mid
1228,1228,1228,30/04/2004 21:00,1228,3.1,234,15.1,189,110,18.2,65.4,1.3529,30,4,2004,21,1363,1152,684,1951,1495,Mid
1229,1229,1229,30/04/2004 22:00,1229,3.0,212,14.6,174,102,18.1,66.1,1.3579,30,4,2004,22,1371,1136,689,1927,1471,Mid
1230,1230,1230,30/04/2004 23:00,1230,3.1,275,13.7,167,108,17.7,66.9,1.3422,30,4,2004,23,1406,1107,718,1872,1384,Mid
1231,1231,1231,01/05/2004 0:00,1231,3.5,275,15.2,185,110,17.8,66.8,1.346,1,5,2004,0,1425,1155,709,1936,1789,Mid
